fips,state,county,unreliable_4,deaths,years_of_potential_life_lost_rate,x95_percent_ci_low_7,x95_percent_ci_high_8,national_z_score_9,ypll_rate_hispanic_all_races,ypll_rate_hispanic_all_races_95_percent_ci_low,ypll_rate_hispanic_all_races_95_percent_ci_high,ypll_rate_hispanic_all_races_unreliable,ypll_rate_non_hispanic_aian,ypll_rate_non_hispanic_aian_95_percent_ci_low,ypll_rate_non_hispanic_aian_95_percent_ci_high,ypll_rate_non_hispanic_aian_unreliable,ypll_rate_non_hispanic_asian,ypll_rate_non_hispanic_asian_95_percent_ci_low,ypll_rate_non_hispanic_asian_95_percent_ci_high,ypll_rate_non_hispanic_asian_unreliable,ypll_rate_non_hispanic_black,ypll_rate_non_hispanic_black_95_percent_ci_low,ypll_rate_non_hispanic_black_95_percent_ci_high,ypll_rate_non_hispanic_black_unreliable,ypll_rate_non_hispanic_native_hawaiian_and_other_pacific_islander,ypll_rate_non_hispanic_native_hawaiian_and_other_pacific_islander_95_percent_ci_low,ypll_rate_non_hispanic_native_hawaiian_and_other_pacific_islander_95_percent_ci_high,ypll_rate_non_hispanic_native_hawaiian_and_other_pacific_islander_unreliable,ypll_rate_non_hispanic_2_races,ypll_rate_non_hispanic_2_races_95_percent_ci_low,ypll_rate_non_hispanic_2_races_95_percent_ci_high,ypll_rate_non_hispanic_2_races_unreliable,ypll_rate_non_hispanic_white,ypll_rate_non_hispanic_white_95_percent_ci_low,ypll_rate_non_hispanic_white_95_percent_ci_high,ypll_rate_non_hispanic_white_unreliable,percent_fair_or_poor_health,x95_percent_ci_low_39,x95_percent_ci_high_40,national_z_score_41,average_number_of_physically_unhealthy_days,x95_percent_ci_low_43,x95_percent_ci_high_44,national_z_score_45,average_number_of_mentally_unhealthy_days,x95_percent_ci_low_47,x95_percent_ci_high_48,national_z_score_49,unreliable_50,percent_low_birthweight,x95_percent_ci_low_52,x95_percent_ci_high_53,national_z_score_54,percent_lbw_hispanic_all_races,percent_lbw_hispanic_all_races_95_percent_ci_low,percent_lbw_hispanic_all_races_95_percent_ci_high,percent_lbw_non_hispanic_aian,percent_lbw_non_hispanic_aian_95_percent_ci_low,percent_lbw_non_hispanic_aian_95_percent_ci_high,percent_lbw_non_hispanic_asian,percent_lbw_non_hispanic_asian_95_percent_ci_low,percent_lbw_non_hispanic_asian_95_percent_ci_high,percent_lbw_non_hispanic_black,percent_lbw_non_hispanic_black_95_percent_ci_low,percent_lbw_non_hispanic_black_95_percent_ci_high,percent_lbw_non_hispanic_native_hawaiian_and_other_pacific_islander,percent_lbw_non_hispanic_native_hawaiian_and_other_pacific_islander_95_percent_ci_low,percent_lbw_non_hispanic_native_hawaiian_and_other_pacific_islander_95_percent_ci_high,percent_lbw_non_hispanic_2_races,percent_lbw_non_hispanic_2_races_95_percent_ci_low,percent_lbw_non_hispanic_2_races_95_percent_ci_high,percent_lbw_non_hispanic_white,percent_lbw_non_hispanic_white_95_percent_ci_low,percent_lbw_non_hispanic_white_95_percent_ci_high,percent_adults_reporting_currently_smoking,x95_percent_ci_low_77,x95_percent_ci_high_78,national_z_score_79,percent_adults_with_obesity,x95_percent_ci_low_81,x95_percent_ci_high_82,national_z_score_83,food_environment_index,national_z_score_85,percent_physically_inactive,x95_percent_ci_low_87,x95_percent_ci_high_88,national_z_score_89,percent_with_access_to_exercise_opportunities,national_z_score_91,percent_excessive_drinking,x95_percent_ci_low_93,x95_percent_ci_high_94,national_z_score_95,number_alcohol_impaired_driving_deaths,number_driving_deaths,percent_driving_deaths_with_alcohol_involvement,x95_percent_ci_low_99,x95_percent_ci_high_100,national_z_score_101,number_chlamydia_cases,chlamydia_rate,national_z_score_104,teen_birth_rate,x95_percent_ci_low_106,x95_percent_ci_high_107,national_z_score_108,teen_birth_rate_hispanic_all_races,teen_birth_rate_hispanic_all_races_95_percent_ci_low,teen_birth_rate_hispanic_all_races_95_percent_ci_high,teen_birth_rate_non_hispanic_aian,teen_birth_rate_non_hispanic_aian_95_percent_ci_low,teen_birth_rate_non_hispanic_aian_95_percent_ci_high,teen_birth_rate_non_hispanic_asian,teen_birth_rate_non_hispanic_asian_95_percent_ci_low,teen_birth_rate_non_hispanic_asian_95_percent_ci_high,teen_birth_rate_non_hispanic_black,teen_birth_rate_non_hispanic_black_95_percent_ci_low,teen_birth_rate_non_hispanic_black_95_percent_ci_high,teen_birth_rate_non_hispanic_native_hawaiian_and_other_pacific_islander,teen_birth_rate_non_hispanic_native_hawaiian_and_other_pacific_islander_95_percent_ci_low,teen_birth_rate_non_hispanic_native_hawaiian_and_other_pacific_islander_95_percent_ci_high,teen_birth_rate_non_hispanic_2_races,teen_birth_rate_non_hispanic_2_races_95_percent_ci_low,teen_birth_rate_non_hispanic_2_races_95_percent_ci_high,teen_birth_rate_non_hispanic_white,teen_birth_rate_non_hispanic_white_95_percent_ci_low,teen_birth_rate_non_hispanic_white_95_percent_ci_high,number_uninsured,percent_uninsured,x95_percent_ci_low_132,x95_percent_ci_high_133,national_z_score_134,number_primary_care_physicians,primary_care_physicians_rate,primary_care_physicians_ratio,national_z_score_138,number_dentists,dentist_rate,dentist_ratio,national_z_score_142,number_mental_health_providers,mental_health_provider_rate,mental_health_provider_ratio,national_z_score_146,preventable_hospitalization_rate,national_z_score_148,preventable_hosp_rate_aian,preventable_hosp_rate_asian,preventable_hosp_rate_black,preventable_hosp_rate_hispanic,preventable_hosp_rate_white,percent_with_annual_mammogram,national_z_score_155,percent_screened_aian,percent_screened_asian,percent_screened_black,percent_screened_hispanic,percent_screened_white,percent_vaccinated,national_z_score_162,percent_vaccinated_aian,percent_vaccinated_asian,percent_vaccinated_black,percent_vaccinated_hispanic,percent_vaccinated_white,number_completed_high_school,population_169,percent_completed_high_school,x95_percent_ci_low_171,x95_percent_ci_high_172,national_z_score_173,number_some_college,population_175,percent_some_college,x95_percent_ci_low_177,x95_percent_ci_high_178,national_z_score_179,number_unemployed,labor_force,percent_unemployed,national_z_score_183,percent_children_in_poverty,x95_percent_ci_low_185,x95_percent_ci_high_186,national_z_score_187,percent_children_in_poverty_aian,percent_children_in_poverty_asian,percent_children_in_poverty_black,percent_children_in_poverty_hispanic,percent_children_in_poverty_white,x80th_percentile_income,x20th_percentile_income,income_ratio,national_z_score_196,number_children_in_single_parent_households,number_children_in_households,percent_children_in_single_parent_households,x95_percent_ci_low_200,x95_percent_ci_high_201,national_z_score_202,number_associations,social_association_rate,national_z_score_205,number_injury_deaths,injury_death_rate,x95_percent_ci_low_208,x95_percent_ci_high_209,national_z_score_210,injury_death_rate_hispanic_all_races,injury_death_rate_hispanic_all_races_95_percent_ci_low,injury_death_rate_hispanic_all_races_95_percent_ci_high,injury_death_rate_non_hispanic_aian,injury_death_rate_non_hispanic_aian_95_percent_ci_low,injury_death_rate_non_hispanic_aian_95_percent_ci_high,injury_death_rate_non_hispanic_asian,injury_death_rate_non_hispanic_asian_95_percent_ci_low,injury_death_rate_non_hispanic_asian_95_percent_ci_high,injury_death_rate_non_hispanic_black,injury_death_rate_non_hispanic_black_95_percent_ci_low,injury_death_rate_non_hispanic_black_95_percent_ci_high,injury_death_rate_non_hispanic_native_hawaiian_and_other_pacific_islander,injury_death_rate_non_hispanic_native_hawaiian_and_other_pacific_islander_95_percent_ci_low,injury_death_rate_non_hispanic_native_hawaiian_and_other_pacific_islander_95_percent_ci_high,injury_death_rate_non_hispanic_2_races,injury_death_rate_non_hispanic_2_races_95_percent_ci_low,injury_death_rate_non_hispanic_2_races_95_percent_ci_high,injury_death_rate_non_hispanic_white,injury_death_rate_non_hispanic_white_95_percent_ci_low,injury_death_rate_non_hispanic_white_95_percent_ci_high,average_daily_pm2_5,national_z_score_233,presence_of_water_violation,national_z_score_235,percent_severe_housing_problems,x95_percent_ci_low_237,x95_percent_ci_high_238,severe_housing_cost_burden,severe_housing_cost_burden_95_percent_ci_low,severe_housing_cost_burden_95_percent_ci_high,overcrowding,overcrowding_95_percent_ci_low,overcrowding_95_percent_ci_high,inadequate_facilities,inadequate_facilities_95_percent_ci_low,inadequate_facilities_95_percent_ci_high,national_z_score_248,percent_drive_alone_to_work,x95_percent_ci_low_250,x95_percent_ci_high_251,national_z_score_252,percent_drive_alone_aian,percent_drive_alone_aian_95_percent_ci_low,percent_drive_alone_aian_95_percent_ci_high,percent_drive_alone_asian,percent_drive_alone_asian_95_percent_ci_low,percent_drive_alone_asian_95_percent_ci_high,percent_drive_alone_black,percent_drive_alone_black_95_percent_ci_low,percent_drive_alone_black_95_percent_ci_high,percent_drive_alone_hispanic,percent_drive_alone_hispanic_95_percent_ci_low,percent_drive_alone_hispanic_95_percent_ci_high,percent_drive_alone_white,percent_drive_alone_white_95_percent_ci_low,percent_drive_alone_white_95_percent_ci_high,number_workers_who_drive_alone,percent_long_commute_drives_alone,x95_percent_ci_low_270,x95_percent_ci_high_271,national_z_score_272
34001,New Jersey,Atlantic,NA,4540,9722.6677884,9278.2353085,10167.100268,-0.067369607,7509.2137314,6686.4484694,8331.9789934,NA,NA,NA,NA,NA,4378.7480942,3272.7856395,5484.7105488,NA,16754.96203,15262.732019,18247.192041,NA,NA,NA,NA,NA,NA,NA,NA,NA,9502.0386958,8893.2121267,10110.865265,NA,16.7,14.3,19.2,-0.23697784,3.6986031816,2.9966087207,4.5540226631,-0.318704338,5.3209052582,4.4582781778,6.2568394964,0.15174715,NA,8.170369612,7.786244456,8.5544947679,-0.09158734,7.3417272566,6.6609637802,8.0224907331,NA,NA,NA,8.8616223586,7.4073415252,10.315903192,13.070776256,11.954664677,14.186887834,NA,NA,NA,8.9673913043,6.0481922021,11.886590407,6.4888248017,5.9595795171,7.0180700864,16,13,19.3,-0.753447869,35.2,29.9,40.9,-0.482406299,7.7,-0.11424997,28,23.9,32.5,0.245090017,93.025271915,-1.368112054,17.34996389,14.380522892,20.825606339,0.1911468489,57,187,30.481283422,26.788273333,34.220294884,0.2091854854,1353,492.1,0.3805937951,13.544603781,12.595876268,14.493331295,-0.823577041,25.588872121,23.049216022,28.128528221,NA,NA,NA,2.0259319287,0.971513107,3.7257609485,24.691358025,21.486316766,27.896399284,NA,NA,NA,19.860973188,14.188970428,27.045008423,3.9176904644,3.1610883014,4.6742926274,21619,9.9381708691,8.8658304435,11.010511295,-0.29673146,197,71.64522,1396:1,-0.482814235,165,59.86112000000001,1671:1,-0.320425484,563,204.2534,490:1,-0.014559002,2890,0.0411463597,NA,2775,5440,2608,2624,40,0.2096116324,NA,26,32,32,43,48,-0.758714706,NA,42,32,33,50,169326,191583,88.382580918,87.687756587,89.077405249,-0.012663989,39723,63476,62.579557628,59.626238627,65.532876629,-0.332239446,6310,122846,5.1365123814,1.2520530942,15.9,11.253191489,20.546808511,-0.42188475,33.507853403,15.830035409,26.697509865,31.563439213,6.9581444948,145544,29826,4.8797693288,0.4087958379,14134,57459,24.598409301,21.835621041,27.36119756,0.050249766,213,7.7464122837,0.6561518339,1487,111.22513703,105.57181745,116.87845661,0.5260500599,74.632894641,64.130568701,85.13522058,NA,NA,NA,25.981256379,17.264356181,37.55014934,150.7069855,133.45036914,167.96360186,NA,NA,NA,NA,NA,NA,128.65402933,120.51129697,136.79676168,7.1,-0.28375473,Yes,1.2996536963,21.739775481,20.30139763,23.178153332,18.663605968,17.331359867,19.99585207,2.9968844271,2.425523882,3.5682449721,1.0632510756,0.7473620927,1.3791400585,2.0302356624,74.122307619,72.645096795,75.599518444,-0.517744588,NA,NA,NA,63.507216729,58.633816061,68.380617397,65.43303859,60.21249947,70.65357771,62.951496388,59.113389905,66.789602871,81.403841138,79.80871424,82.998968036,126468,30.6,28.671405985,32.528594015,-0.201437898
34003,New Jersey,Bergen,NA,8021,4491.8634629,4333.1730816,4650.5538442,-1.583526581,4461.1640263,4128.2323691,4794.0956835,NA,NA,NA,NA,NA,2413.757539,2140.3996956,2687.1153823,NA,7484.7663806,6627.2913609,8342.2414003,NA,NA,NA,NA,NA,NA,NA,NA,NA,4896.3953941,4662.8072216,5129.9835665,NA,11.9,10.1,13.9,-1.293297672,2.6328824773,2.1439048429,3.1773599272,-1.968213384,3.9675409592,3.3586418884,4.6190395179,-2.072168765,NA,7.5101097631,7.3059938099,7.7142257164,-0.406929993,7.8266456399,7.4243159897,8.22897529,NA,NA,NA,8.2530120482,7.7526836491,8.7533404473,13.394653636,12.262860769,14.526446503,NA,NA,NA,7.488299532,5.4507086316,9.5258904323,6.3793443269,6.1048120945,6.6538765594,10.7,8.4,13.1,-2.046381917,25.2,21.6,29.2,-2.678686029,9.4,-1.55771165,22.6,19.2,25.9,-0.787222449,99.51900742,-1.653770861,16.097870979,13.653987337,18.813895671,-0.2861624,24,178,13.483146067,10.062958089,17.321842299,-0.928428228,2116,221.8,-0.622083313,3.2329317269,2.9832368275,3.4826266263,-1.712871317,9.4294456818,8.5610990312,10.297792332,NA,NA,NA,0.509580106,0.285208117,0.8404748903,6.1452023527,4.7904867095,7.7640934801,NA,NA,NA,2.0145044319,0.9660331781,3.7047453751,0.8280903475,0.6632664218,1.0214463843,56320,7.2622989715,6.6665542907,7.8580436524,-0.809871441,1082,113.43871,882:1,-1.635737923,1271,133.36873,750:1,-2.465908659,2926,307.0314,326:1,-0.47705183,1988,-0.766748683,16667,1126,4038,1908,1947,44,-0.28674355,NA,37,41,39,46,55,-1.436776034,42,59,41,42,56,627327,674596,92.992991361,92.644694967,93.341287755,-0.836039073,191074,236411,80.822804353,79.203039837,82.44256887,-1.893872241,16903,504149,3.3527786428,-0.208769594,8.1,6.4319148936,9.7680851064,-1.347711099,5.5091819699,3.2914248872,10.758477378,15.076862822,5.0701936339,233561,47111,4.9576744285,0.5071127888,29648,199806,14.838393241,13.624664933,16.05212155,-0.913786185,908,9.519625841,0.3402815145,2213,47.069953864,45.108811429,49.031096299,-1.716412493,29.135377328,25.770412924,32.500341732,NA,NA,NA,21.671339024,18.43258777,24.910090278,54.449614798,45.462064648,63.437164948,NA,NA,NA,NA,NA,NA,62.021466469,58.985259723,65.057673215,11,2.0319138573,Yes,1.2996536963,19.910249664,19.235622912,20.584876416,17.4608331,16.776882072,18.144784127,2.5551072911,2.2883878649,2.8218267173,0.8097994504,0.6538043594,0.9657945414,1.6122726924,62.517474118,61.722804741,63.312143494,-2.090315962,53.360215054,40.360128987,66.360301121,61.707690031,59.767645996,63.647734067,64.085411538,61.748961133,66.421861943,63.169021437,61.236340421,65.101702452,73.008730125,71.862169063,74.155291188,482857,40.8,39.781991043,41.818008957,0.6043239272
34005,New Jersey,Burlington,NA,5554,6675.4307337,6401.3069283,6949.5545392,-0.950616126,4339.886679,3610.9290433,5068.8443147,NA,NA,NA,NA,NA,2693.3532784,2021.2651228,3365.441434,NA,9365.1454298,8583.3411545,10146.949705,NA,NA,NA,NA,NA,NA,NA,NA,NA,6708.3510023,6363.9221223,7052.7798823,NA,12.3,10.3,14.4,-1.205271019,2.9884946875,2.4102083807,3.6720054298,-1.417801297,4.8527387782,4.1201132897,5.6808507638,-0.617567429,NA,7.7987060586,7.5019974504,8.0954146667,-0.269095288,7.5305623472,6.7218255014,8.3392991929,NA,NA,NA,9.404659189,8.2163654248,10.592952953,11.623931624,10.758165187,12.489698061,NA,NA,NA,9.7122302158,7.702457283,11.722003149,6.4385214435,6.0822699386,6.7947729483,13.3,10.4,16.3,-1.412112384,32.2,27.4,37.5,-1.141290218,9.2,-1.387892629,21,17.3,24.8,-1.093092809,91.97332525,-1.321837021,17.78712937,14.923554301,20.804508683,0.3577983212,49,206,23.786407767,20.271135676,27.433846312,-0.238874334,1544,332.6,-0.211071017,7.1671232877,6.6178201593,7.716426416,-1.373580655,15.984015984,13.507267047,18.460764921,NA,NA,NA,NA,NA,NA,13.851891316,12.077059448,15.626723184,NA,NA,NA,12.842258299,9.6197327193,16.797990048,3.3441776776,2.8609670211,3.8273883342,19786,5.3153879218,4.7196432409,5.9111326026,-1.183221861,352,75.81810999999999,1319:1,-0.597928488,341,73.15979999999999,1367:1,-0.708576857,4878,1046.5498,96:1,-3.804826094,3409,0.5059994939,NA,2045,4818,4177,3200,41,0.0855228369,NA,37,39,37,41,54,-1.33991013,NA,54,40,41,56,309611,329081,94.083523509,93.605400842,94.561646177,-1.030797655,87296,116809,74.733967417,72.616881683,76.85105315,-1.37266417,8246,247859,3.3268914988,-0.229970363,8.4,6.6127659574,10.187234043,-1.312102394,6.6176470588,12.179700499,15.594517055,16.465764658,5.3594159491,191063,46820,4.0807988039,-0.599512298,19595,94895,20.649138522,18.939422437,22.358854606,-0.339835556,387,8.3356847,0.5511821501,1684,74.837991746,71.263558815,78.412424678,-0.745816166,38.662384593,30.41041807,48.463633877,NA,NA,NA,27.93686269,19.347089541,39.038965428,75.285149083,66.559808873,84.010489293,NA,NA,NA,NA,NA,NA,85.288417445,80.6050157,89.971819189,8.8,0.7256392698,Yes,1.2996536963,13.90945034,13.207195394,14.611705287,12.536670059,11.784090637,13.289249482,1.5220428669,1.2532730853,1.7908126485,0.3567287969,0.2395420272,0.4739155667,0.2413645127,76.227904538,75.243300768,77.212508308,-0.23241508,NA,NA,NA,66.861152724,63.054604225,70.667701224,75.04696685,71.66158264,78.432351061,69.617139279,66.209252029,73.02502653,78.02292529,76.920108964,79.125741615,234607,43.7,42.315614463,45.084385537,0.8334130737
34007,New Jersey,Camden,NA,7790,9048.1176209,8754.3464696,9341.8887722,-0.262889049,8823.3997197,8156.8718609,9489.9275785,NA,NA,NA,NA,NA,2508.1505548,1913.0844819,3103.2166277,NA,14960.084025,14098.700155,15821.467894,NA,NA,NA,NA,NA,NA,NA,NA,NA,7931.8437401,7555.8814407,8307.8060395,NA,15.9,13.4,18.6,-0.413031145,3.7234140703,3.0163650831,4.4168120138,-0.280302358,5.2998427369,4.4894319013,6.0731731502,0.1171361614,NA,9.0828533451,8.8108667245,9.3548399657,0.3442184154,8.5613905325,8.0340881998,9.0886928653,NA,NA,NA,9.5047923323,8.3560489676,10.653535697,14.05424868,13.307976136,14.800521224,NA,NA,NA,10.630841121,8.565951516,12.695730727,7.0116177901,6.653580412,7.3696551681,15.4,12.2,18.7,-0.899817761,30.8,26.1,35.5,-1.44876938,8.5,-0.793526054,26.5,22.3,30.6,-0.041663446,92.683266951,-1.353067289,17.714451555,14.686942043,20.786349705,0.3300928746,45,243,18.518518519,15.380753276,21.852010496,-0.591431966,3289,627.9,0.8843435226,15.696392551,14.944236502,16.448548599,-0.638003505,31.710858103,29.553486195,33.868230012,NA,NA,NA,2.0743813898,1.1340836089,3.4804594935,21.813194106,19.887657073,23.73873114,NA,NA,NA,15.62056234,11.767545292,20.332308996,5.0708867713,4.4293310775,5.7124424652,32449,7.5042378859,6.7893442689,8.2191315029,-0.763475898,516,98.51634,1015:1,-1.224086225,427,81.34774,1229:1,-0.947560356,1989,378.92427000000004,264:1,-0.800564054,4063,1.0917681834,NA,2090,6588,6530,3579,39,0.3337004279,NA,31,35,32,41,53,-1.243044226,NA,59,40,42,56,321915,360582,89.276502987,88.819316544,89.73368943,-0.172309896,95718,140265,68.240829858,66.204075848,70.277583867,-0.816847724,10854,270737,4.0090567599,0.3287018586,17.5,14.163829787,20.836170213,-0.231971653,70.652173913,12.389777313,26.848824537,31.405845591,5.4055158325,159226,30958,5.1432909103,0.7413624925,36764,118189,31.106109706,28.933946495,33.278272916,0.6930414491,411,7.8469407432,0.6382442579,2522,98.714287504,94.861602118,102.56697289,0.088749281,84.116762921,75.659169096,92.574356746,NA,NA,NA,19.798321102,13.357844109,28.26333443,138.31403793,127.75365602,148.87441984,NA,NA,NA,NA,NA,NA,100.43444226,95.225198986,105.64368554,10.3,1.616281034,No,-0.76918280000000006,18.493653624,17.676638402,19.310668847,16.307062762,15.454013915,17.16011161,2.3916920172,2.0384208086,2.7449632258,0.8890170985,0.6709839499,1.1070502471,1.2886452899,70.332024848,69.490219406,71.17383029,-1.031365933,NA,NA,NA,68.623804463,65.384430147,71.863178779,68.426910348,64.838123533,72.015697163,64.558689718,61.495218187,67.622161249,75.538204532,74.833626144,76.24278292,250162,39.5,37.937376352,41.062623648,0.5016287926
34009,New Jersey,Cape May,NA,1692,9219.6691448,8427.6932795,10011.64501,-0.213164566,8030.2018684,5900.2902892,10678.46614,NA,NA,NA,NA,NA,NA,NA,NA,NA,13333.747462,9727.7585336,16939.736391,NA,NA,NA,NA,NA,NA,NA,NA,NA,9191.0617236,8298.9595929,10083.163854,NA,13.5,11.3,16,-0.941191061,3.5232752731,2.7848996213,4.3362115924,-0.590074661,5.0116623891,4.1221406353,5.9649220452,-0.356416202,NA,7.1612192435,6.476400794,7.8460376929,-0.573561453,6.3854047891,4.7672417639,8.0035678142,NA,NA,NA,NA,NA,NA,10,6.2811614716,13.718838528,NA,NA,NA,8.3333333333,3.3881710883,13.278495578,7.0885454991,6.3007764554,7.8763145429,14.9,11.6,18.5,-1.021792671,32.3,26.2,39,-1.119327421,7.9,-0.284068991,22.2,18,26.7,-0.863690039,93.480154939,-1.388122315,17.503227545,14.18520405,21.151183379,0.2495723535,16,60,26.666666667,19.974049594,33.642833875,-0.046110742,248,259.2,-0.483348116,12.139703973,10.399727546,13.8796804,-0.944737736,32.818532819,25.484874881,41.605310403,NA,NA,NA,NA,NA,NA,NA,NA,NA,NA,NA,NA,20.134228188,10.403649511,35.170444712,8.3029738202,6.7407554922,10.118665618,5153,7.6331694021,6.5608289766,8.7055098277,-0.738751278,51,53.31325999999999,1876:1,0.0228948867,57,59.60223,1678:1,-0.312869241,119,124.43273,804:1,0.3446277026,3019,0.1566878902,NA,4597,2805,3913,2988,48,-0.783098731,NA,38,38,38,48,53,-1.243044226,NA,47,44,48,53,68120,72532,93.917167595,93.03931068,94.79502451,-1.001088084,12547,18957,66.186632906,61.199366386,71.173899426,-0.64100724,3069,47294,6.4891952468,2.3598584671,12.7,8.0531914894,17.346808511,-0.801710945,NA,6.7073170732,10.648918469,22.651933702,9.3327630453,162736,34796,4.6768594091,0.1527216568,3321,16666,19.926797072,15.945916834,23.90767731,-0.41118412,117,12.230689623,-0.142652185,524,112.60123904,102.95998343,122.24249466,0.5741499496,63.630097036,40.769003804,94.676540627,NA,NA,NA,NA,NA,NA,110.75365223,68.558256337,169.2987223,NA,NA,NA,NA,NA,NA,120.3110901,109.50276855,131.11941166,7.4,-0.105626377,Yes,1.2996536963,18.564052127,16.584585008,20.543519246,16.902632886,15.014414214,18.790851558,1.2539955741,0.6805992489,1.8273918993,1.0449963118,0.6267873762,1.4632052474,1.3047281279,77.024718888,75.288858178,78.760579597,-0.124438741,NA,NA,NA,73.444976077,47.279745338,99.610206815,83.785091965,75.740643428,91.829540503,58.243881494,49.970457856,66.517305133,76.120126629,75.078478106,77.161775153,42154,28.1,25.409238178,30.790761822,-0.398928542
34011,New Jersey,Cumberland,NA,2746,10646.5168,10066.963192,11226.070408,0.200409502,9181.9001106,8238.7154947,10125.084726,NA,NA,NA,NA,NA,NA,NA,NA,NA,14079.9392,12569.240114,15590.638286,NA,NA,NA,NA,NA,NA,NA,NA,NA,10492.581711,9590.7386138,11394.424808,NA,21.4,18.5,24.4,0.7973353284,4.3682305114,3.5412997805,5.318070434,0.7177363851,5.4316362011,4.4477074338,6.4885112583,0.3337057744,NA,9.6929280397,9.1822855674,10.203570512,0.63559244559999994,8.7186486948,7.9964015554,9.4408958341,NA,NA,NA,10.45751634,5.608661308,15.306371372,14.188903007,12.781384173,15.596421841,NA,NA,NA,11.929824561,8.1665569684,15.693092154,7.9882381769,7.1564361968,8.8200401571,19,15.7,22.6,-0.021598407,38.8,31.7,46,0.3082544034,7.4,0.140478562,34.9,29.9,40.4,1.5641559454,88.438035186,-1.166319947,17.086876172,13.523833645,20.858241287,0.0908554088,41,116,35.344827586,30.695225198,39.977538696,0.5346820044,1066,693.9,1.1291703416,28.30568904,26.469597144,30.141780937,0.4494413952,39.920301715,36.616846254,43.223757175,NA,NA,NA,NA,NA,NA,28.599933489,24.325713499,32.874153478,NA,NA,NA,21.14330462,13.933570972,30.762398156,13.417598444,11.178922057,15.656274832,13472,11.154718731000001,9.844080433,12.465357029,-0.063439521,60,39.05563,2560:1,0.4162086798,97,64.08732,1560:1,-0.443776396,200,132.1388,757:1,0.309951018,2360,-0.433559153,NA,NA,3536,3124,2104,38,0.4577892234,NA,29,36,31,39,45,-0.468116994,NA,41,35,40,48,84440,103984,81.204800739,79.919787922,82.489813555,1.2692187057,17666,41455,42.614883609,39.579604406,45.650162812,1.3767485508,3509,69282,5.0648075979,1.1933290974,20.2,14.361702128,26.038297872,0.0885066989,26.724137931,16.913946588,36.05292172,26.256617691,8.9720680899,127934,24391,5.2451314009,0.8698861265,10823,36578,29.588823883,26.063458034,33.114189732,0.5431730398,145,9.438445065,0.3547426027,818,108.53527795,101.09737782,115.97317807,0.4320294684,91.531657472,79.43637382,103.62694112,NA,NA,NA,NA,NA,NA,118.71925385,100.71318136,136.72532633,NA,NA,NA,NA,NA,NA,121.77522518,110.07300279,133.47744758,7.8,0.1318780936,Yes,1.2996536963,22.092452645,20.432199358,23.752705932,19.225408204,17.3527612,21.098055208,3.0719403278,2.2981201288,3.8457605269,1.0599666307,0.5469227792,1.5730104822,2.1108062636,78.352446732,76.432676313,80.272217151,0.0554817033,NA,NA,NA,71.535580524,62.708948695,80.362212354,73.677311725,67.307751679,80.046871772,73.604195711,69.682597259,77.525794163,84.146164769,81.282542499,87.009787038,61388,32.5,29.801335776,35.198664224,-0.051345009
34013,New Jersey,Essex,NA,11035,8168.6545837,7954.713586,8382.5955814,-0.517802812,6766.0302797,6383.7767659,7148.2837935,NA,NA,NA,NA,NA,3246.5735579,2685.717015,3807.4301007,NA,12808.79029,12376.363933,13241.216646,NA,NA,NA,NA,NA,NA,NA,NA,NA,4638.7760337,4331.4694995,4946.0825679,NA,17.4,15,19.9,-0.082931198,3.4286961534,2.8178169266,4.0768771181,-0.736463028,4.7109976722,4.0168496173,5.4403359822,-0.850483504,NA,9.4117480377,9.1963309368,9.6271651387,0.5012997908,7.4831190454,7.132399509,7.8338385818,NA,NA,NA,8.8894750725,7.9835307414,9.7954194037,12.737186478,12.3432174,13.131155555,NA,NA,NA,11.272141707,8.7847539606,13.759529453,6.0883963826,5.7143808206,6.4624119447,13.4,10.9,15.9,-1.387717402,32,27.8,36.2,-1.185215813,8.7,-0.963345076,27.5,23.9,31.1,0.1495055294,99.542448549,-1.654802034,15.471288184,13.130907852,18.073923704,-0.525021483,36,229,15.720524017,12.588186331,19.120387707,-0.778689949,5627,658.2,0.9967412895,14.986106159,14.415303634,15.556908684,-0.699259684,25.778241859,24.310498276,27.245985441,NA,NA,NA,1.3163668276,0.6801859487,2.2994279342,18.412734412,17.411421573,19.41404725,NA,NA,NA,2.9333333333,1.4643094313,5.2485436035,1.8973309457,1.5237125467,2.3348289928,83111,11.748316792,10.795125303,12.701508282,0.0503921234,645,75.44592,1325:1,-0.587661081,781,91.93892,1088:1,-1.256687489,2231,262.63218,381:1,-0.277258888,3021,0.1584792317,NA,1779,4563,2997,2199,40,0.2096116324,NA,37,33,35,46,47,-0.661848802,25,51,30,36,56,498286,573215,86.928290432,86.468356118,87.388224746,0.2470583434,149119,235426,63.340072889,61.751206407,64.928939371,-0.397340006,17487,388106,4.5057278166,0.7354600717,20,16.782978723,23.217021277,0.0647675617,23.448275862,6.1033336691,28.453185009,27.810914576,4.5071618511,174559,25722,6.7863696447,2.814942937,67401,200717,33.580115287,31.793819138,35.366411435,0.937408908,640,7.4861068384,0.7025211862,2958,72.813293472,70.189270324,75.437316621,-0.816586911,52.704714846,48.125967835,57.283461857,NA,NA,NA,21.392753846,15.878114245,28.203678982,106.47291367,101.3585914,111.58723595,NA,NA,NA,NA,NA,NA,58.868838924,54.577701797,63.159976051,8.9,0.7850153874,Yes,1.2996536963,26.494770882,25.657626844,27.331914921,22.577934921,21.734518962,23.421350881,4.8489748177,4.4343001613,5.2636494741,1.0251823311,0.8481986218,1.2021660404,3.1165346267,55.6972188,54.613134217,56.781303382,-3.014528986,59.511784512,33.633468644,85.390100379,58.71081254,56.157843058,61.263782022,61.276728735,59.306824855,63.246632616,58.613386354,56.911482881,60.315289827,69.153495047,67.608041129,70.698948964,396088,44.8,43.153328941,46.446671059,0.9203089568
34015,New Jersey,Gloucester,NA,4134,7790.6494522,7423.7968216,8157.5020829,-0.627368202,5570.4539129,4454.532676,6686.3751498,NA,NA,NA,NA,NA,3381.6636506,2281.5942645,4827.5351325,NA,12492.802536,11005.083851,13980.521221,NA,NA,NA,NA,NA,NA,NA,NA,NA,7542.4372689,7134.1160669,7950.7584709,NA,13,11,15.3,-1.051224377,3.5520973346,2.850688222,4.3464718467,-0.545464238,5.2290687023,4.3897084977,6.1753775846,8.367274e-4,NA,8.0746571612,7.6989315395,8.450382783,-0.137299976,8.3374689826,7.1304014064,9.5445365588,NA,NA,NA,11.95335277,9.5256512326,14.381054307,12.505427703,11.15444766,13.856407746,NA,NA,NA,10.141509434,7.2680570681,13.0149618,7.0276973956,6.6118386569,7.4435561343,13.9,10.9,17.3,-1.265742492,31.1,25.8,36.9,-1.382880988,8.8,-1.048254586,21.1,17.3,25.3,-1.073975911,88.063937756,-1.149863437,18.425874737,15.184482805,22.056407953,0.6012938869,48,207,23.188405797,19.688168458,26.829899754,-0.278896086,1005,330.1,-0.220344761,6.8099920601,6.177965619,7.4420185012,-1.404380195,16.464327291,13.381392791,20.044727715,NA,NA,NA,NA,NA,NA,14.502484222,11.76729992,17.237668524,NA,NA,NA,13.824884793,9.5164145675,19.415278286,4.166402301,3.5845883099,4.7482162921,13587,5.4128886268,4.6979950098,6.1277822439,-1.164524587,162,53.20599,1879:1,0.025854146,137,44.68348,2238:1,0.1225677563,476,155.25064,644:1,0.2059495827,2748,-0.086038891,NA,1221,3523,2692,2682,41,0.0855228369,NA,40,41,30,42,52,-1.146178322,NA,51,42,44,53,194437,207727,93.602179784,93.12951034,94.074849229,-0.944834282,55207,75096,73.515233834,70.783936519,76.246531149,-1.268339848,5914,161341,3.665528291,0.047362682,7.8,5.2978723404,10.30212766,-1.383319805,NA,4.7115808014,24.485190409,16.216596343,4.6176877015,182170,43091,4.2275649207,-0.414292112,13040,64385,20.253164557,17.703675684,22.80265343,-0.378947494,224,7.356877531,0.7255413703,1315,89.275288329,84.449986808,94.100589849,-0.241178889,56.319897015,42.54344495,73.13607089,NA,NA,NA,NA,NA,NA,94.887759479,79.495944453,110.27957451,NA,NA,NA,NA,NA,NA,95.796921026,90.122774291,101.47106776,7.1,-0.28375473,Yes,1.2996536963,13.941245593,12.812752139,15.069739048,12.788825758,11.583368739,13.994282776,0.9165687427,0.6652313308,1.1679061545,0.6956521739,0.4884743836,0.9028299643,0.2486282738,77.282941509,76.154912883,78.410970135,-0.089446985,NA,NA,NA,66.858017604,58.4986626,75.217372609,69.085594459,65.889471816,72.281717102,66.16191904,60.304219016,72.019619065,74.992099212,73.97357461,76.010623814,152194,45.8,44.123425856,47.476574144,0.9993052142
34017,New Jersey,Hudson,NA,7128,6098.0247536,5907.6982554,6288.3512517,-1.11797817,5670.8923239,5381.7077927,5960.0768552,NA,NA,NA,NA,NA,3216.9587581,2868.3609123,3565.5566038,NA,12622.208102,11768.017539,13476.398666,NA,NA,NA,NA,NA,NA,NA,NA,NA,6151.3253268,5792.75371,6509.8969437,NA,16.5,14,19.3,-0.280991166,3.3401218045,2.7377989312,4.0022325954,-0.873557286,4.5193417841,3.8384079501,5.2370423308,-1.165422047,NA,8.3210356365,8.1141065987,8.5279646744,-0.019628664,7.894310261,7.5578614362,8.2307590857,NA,NA,NA,9.23530889,8.7856743891,9.6849433909,13.949915502,13.108209595,14.791621408,17.741935484,8.232604414,27.251266554,6.7357512953,4.6941665633,8.7773360274,6.3456664977,6.0054972189,6.6858357766,11.9,9.6,14.4,-1.753642133,25,21.3,28.8,-2.722611624,8.5,-0.793526054,26.5,22.7,30.5,-0.041663446,100,-1.674929679,16.892251935,14.443967366,19.443190641,0.0166628728,27,122,22.131147541,17.562464962,26.967856111,-0.349653927,2923,416.1,0.0986720036,14.193850532,13.49307619,14.894624874,-0.767585014,17.275641026,16.244350894,18.306931157,NA,NA,NA,2.5459688826,1.6778095362,3.7042510556,23.578363384,21.132480714,26.024246054,NA,NA,NA,5.726184279,2.8584905608,10.24572541,4.1090592671,3.2821705987,5.0809154171,69198,11.474765565,10.521574075,12.427957054,-0.002065571,333,47.40463,2109:1,0.1858915584,474,67.39023,1484:1,-0.540179399,650,92.41277,1082:1,0.4887150046,3688,0.7558916413,NA,2413,5650,3498,3545,33,1.0782332008,NA,25,30,34,35,40,0.0162125254,NA,43,28,36,45,446464,512195,87.166801706,86.59957037,87.734033042,0.2044625174,202792,262960,77.118953453,75.566513704,78.671393202,-1.576820396,13681,377212,3.6268729521,0.0157051566,18.2,14.14893617,22.25106383,-0.148884673,13.1614654,5.4070340747,27.246083881,23.743772857,15.225867169,188445,31341,6.0127309275,1.8386037748,38787,143469,27.03510863,24.975261457,29.094955803,0.2909323367,369,5.2529457067,1.1003239872,1666,48.79586108,46.452703162,51.139018998,-1.656085609,40.356454562,37.094481175,43.618427949,NA,NA,NA,15.741734232,12.608483806,19.417371019,97.736807573,87.626438806,107.84717634,NA,NA,NA,NA,NA,NA,63.707577124,58.712903078,68.702251171,9,0.844391505,No,-0.76918280000000006,26.483983314,25.583715206,27.384251421,19.664329144,18.831145969,20.497512319,7.8839603506,7.4038572446,8.3640634566,1.5557426614,1.3148019604,1.7966833624,3.1140701607,35.085896647,34.313950134,35.85784316,-5.807569936,25.482625483,20.672540441,30.292710524,30.763448045,28.614783559,32.912112532,50.49820937,47.080985657,53.915433083,46.183749596,44.744459355,47.623039837,48.83623481,47.42065608,50.25181354,375393,52.8,50.698785623,54.901214377,1.5522790159
34019,New Jersey,Hunterdon,NA,1175,4425.4219977,3959.6485674,4891.1954281,-1.602784746,4983.9872916,3451.5560846,6964.6226826,NA,NA,NA,NA,NA,NA,NA,NA,NA,NA,NA,NA,NA,NA,NA,NA,NA,NA,NA,NA,NA,4500.3179584,3984.1723721,5016.4635446,NA,10.2,8.3,12.5,-1.667410945,2.6898728947,2.0615652435,3.4112554675,-1.880004336,4.3543739531,3.4738545071,5.2935491129,-1.436505439,NA,6.3,5.7308232893,6.8691767107,-0.98488309,7.3015873016,5.642821943,8.9603526602,NA,NA,NA,7.960199005,5.3141807083,10.606217302,10.45751634,5.608661308,15.306371372,NA,NA,NA,NA,NA,NA,5.8867362146,5.2570669097,6.5164055195,10.5,7.6,13.9,-2.095171881,28.2,22.2,34.5,-2.01980211,9.6,-1.727530671,17.8,13.9,22.1,-1.704833529,90.687646863,-1.265280151,19.516402558,15.859128712,23.417863586,1.0170130488,9,38,23.684210526,15.303869931,32.755883339,-0.245713965,158,121.6,-0.993774939,2.1431944495,1.6314989149,2.7645646904,-1.806851916,18.133569217,13.012962348,24.600234217,NA,NA,NA,NA,NA,NA,NA,NA,NA,NA,NA,NA,NA,NA,NA,0.7512483981,0.4376298762,1.2028214599,4641,4.5877363806,3.9919916998,5.1834810615,-1.322760341,143,110.06435,909:1,-1.54265193,109,83.99023,1191:1,-1.024687189,374,288.18666,347:1,-0.392252,2919,0.0671208123,NA,NA,3356,NA,2902,44,-0.28674355,NA,39,45,42,45,54,-1.33991013,NA,59,42,47,55,89793,93742,95.787373856,95.194739796,96.380007916,-1.335088984,21899,26786,81.755394609,77.776333556,85.734455662,-1.973702523,1981,68083,2.9096837683,-0.571650573,4.3,2.870212766,5.729787234,-1.798754705,NA,7.5818036712,4.4642857143,6.8309859155,2.0449450489,248976,59304,4.1983002833,-0.451224353,2929,24384,12.011975066,9.8839417282,14.140008403,-1.19296285,124,9.5440411317,0.3359323115,304,48.341058892,42.906861136,53.775256648,-1.671982639,29.023039829,15.453546372,49.630282011,NA,NA,NA,NA,NA,NA,NA,NA,NA,NA,NA,NA,NA,NA,NA,52.705088676,46.531614952,58.878562401,7.8,0.1318780936,Yes,1.2996536963,11.973974184,10.668554305,13.279394063,11.232876712,9.9575253818,12.508228043,0.6926225207,0.3791350715,1.0061099699,0.3148284185,0.1574789797,0.4721778573,-0.200803264,72.332099418,70.926837213,73.737361623,-0.760335761,NA,NA,NA,61.29707113,51.963421384,70.630720876,78.385305425,71.490493303,85.280117547,67.540322581,59.42070176,75.659943401,69.927062318,68.44345395,71.410670687,66185,53.6,50.851814871,56.348185129,1.6154760218
34021,New Jersey,Mercer,NA,4601,7413.5192936,7095.7041647,7731.3344225,-0.73667998,7317.829706,6630.2893189,8005.3700932,NA,NA,NA,NA,NA,2495.6468776,1987.3170395,3003.9767157,NA,14523.058128,13525.397046,15520.719209,NA,NA,NA,NA,NA,NA,NA,NA,NA,5885.3370719,5454.198453,6316.4756907,NA,14.2,12,16.7,-0.787144419,3.1960502082,2.5554030524,3.8842424454,-1.096549483,4.4632067544,3.7352607042,5.2302484086,-1.257665936,NA,8.0975745555,7.7821639285,8.4129851824,-0.12635454,6.8621334997,6.3568833986,7.3673836008,NA,NA,NA,9.0966320428,8.0966832396,10.096580846,12.645536869,11.817151316,13.473922423,NA,NA,NA,9.3506493506,6.4424180727,12.258880629,5.8236272879,5.3401890796,6.3070654961,13.5,10.6,16.4,-1.36332242,23.6,19.5,28,-3.030090786,9,-1.218073607,23,19.3,27.3,-0.710754859,99.307585067,-1.644470412,15.700115093,12.940357473,18.664867158,-0.437790576,28,136,20.588235294,16.305932405,25.155155073,-0.452914543,1701,440.8,0.1902965858,13.698630137,12.955676654,14.44158362,-0.810293573,41.911802988,39.016496956,44.807109021,NA,NA,NA,NA,NA,NA,21.64478077,19.493810231,23.795751309,NA,NA,NA,5.7046979866,3.3231968019,9.1337740993,1.8454063398,1.4610255778,2.2999269117,23309,7.6683675316,6.8343249784,8.5024100848,-0.73200149,349,90.43840999999999,1106:1,-1.00124681,322,84.5837,1182:1,-1.042008981,1475,387.45639,258:1,-0.838957955,3122,0.2489419804,NA,1632,5885,4349,2692,42,-0.038565959,NA,39,33,35,44,54,-1.33991013,NA,58,35,40,57,233253,259959,89.72684154,88.87086728,90.582815801,-0.252736042,64737,96734,66.922695226,64.512925486,69.332464966,-0.704014614,6891,216475,3.1832775147,-0.347585768,13.3,10.082978723,16.517021277,-0.730493533,21.828908555,5.9513908142,22.331468943,21.361694784,4.9039148584,192233,34640,5.5494515012,1.2539408864,21734,82025,26.496799756,23.687898137,29.305701376,0.2377614091,420,10.88370502,0.0972920989,1333,71.470277104,67.633500947,75.307053261,-0.863530334,60.683644602,52.476008743,68.89128046,NA,NA,NA,16.751025434,11.794267784,23.089082018,108.16196222,97.46810568,118.85581876,NA,NA,NA,NA,NA,NA,76.436475709,70.712319984,82.160631435,7.6,0.0131258584,Yes,1.2996536963,18.586427267,17.380384349,19.792470186,16.151506986,14.981062377,17.321951596,2.3204503956,1.8231489193,2.817751872,0.8863359708,0.5913148262,1.1813571154,1.309839824,63.455318209,62.117271855,64.793364564,-1.963228678,NA,NA,NA,56.450463293,52.49065819,60.410268396,74.912059979,72.78091568,77.043204278,61.43393133,58.804020138,64.063842523,78.333176736,77.053440962,79.61291251,181170,31.9,30.093016915,33.706983085,-0.098742764
34023,New Jersey,Middlesex,NA,8527,5505.0211392,5328.5240685,5681.5182099,-1.289861213,5448.3836718,5089.3621315,5807.4052122,NA,NA,NA,NA,NA,2524.4814988,2287.2966831,2761.6663144,NA,8090.5297393,7407.9225042,8773.1369743,NA,NA,NA,NA,NA,NA,NA,NA,NA,6910.7492089,6574.2530932,7247.2453246,NA,13.2,11.2,15.2,-1.007211051,2.9027230813,2.357735693,3.4987158205,-1.550557506,4.3904442775,3.7417992626,5.087104117,-1.377232877,NA,8.1549688985,7.938229199,8.371708598,-0.09894278,7.6851032832,7.3085283339,8.0616782325,NA,NA,NA,9.2549878907,8.8236617403,9.6863140411,11.824266346,10.995188701,12.653343991,NA,NA,NA,8.96,6.7208345106,11.199165489,6.325352837,5.9647093861,6.6859962878,11,8.8,13.5,-1.973196971,28.3,24.3,32.8,-1.997839313,9,-1.218073607,22.3,19,26.1,-0.844573141,97.019562956,-1.543820537,14.090615432,11.846930209,16.643308871,-1.051346541,70,260,26.923076923,23.79222324,30.12283904,-0.028950284,2484,288.6,-0.374288897,7.2518562862,6.869376559,7.6343360134,-1.366273152,19.88044473,18.660979855,21.099909606,NA,NA,NA,0.2796480737,0.1489008215,0.4782067227,7.0046697799,5.8723083446,8.1370312151,NA,NA,NA,5.2276192551,3.3494342964,7.7782830742,2.3766188836,2.0060345365,2.7472032306,53514,7.6647965636,6.9499029466,8.3796901807,-0.732686278,778,90.38031000000001,1106:1,-0.999644049,767,89.03923999999999,1123:1,-1.172053666,1936,224.74571,445:1,-0.106772753,2843,-9.50167e-4,NA,1643,3726,2967,2954,40,0.2096116324,NA,34,40,31,42,52,-1.146178322,70,56,39,38,54,530313,591318,89.683216138,89.315691413,90.050740862,-0.244944964,172784,230743,74.881578206,73.280964062,76.48219235,-1.385299741,15493,462728,3.348187272,-0.212529784,9.1,7.0744680851,11.125531915,-1.229015414,18.761844599,3.9408093575,12.072563814,19.650911224,7.0667648991,194668,44318,4.3925267386,-0.206108783,32206,185244,17.385718296,16.053632404,18.717804188,-0.662176668,533,6.1918641461,0.9330703216,2235,53.454985879,51.238803351,55.671168408,-1.493231848,40.189905472,36.08918777,44.290623174,NA,NA,NA,15.470755021,13.088380294,17.853129747,60.374565754,52.860339786,67.888791721,NA,NA,NA,NA,NA,NA,83.458251553,79.158027462,87.758475643,7.9,0.1912542112,Yes,1.2996536963,19.403062819,18.708442695,20.097682943,15.393920269,14.708106114,16.079734425,4.3615654408,3.9696929833,4.7534378983,0.6719449943,0.4720326521,0.8718573365,1.4964036962,64.901361304,63.827686147,65.975036462,-1.76727533,36.667934576,30.598312986,42.737556166,54.205571566,52.425464254,55.985678878,71.235131587,69.938086015,72.532177158,63.802302155,61.690427192,65.914177119,77.659912616,76.482751108,78.837074123,420626,46.2,44.933429435,47.466570565,1.0309037171
34025,New Jersey,Monmouth,NA,7046,5710.4153582,5490.4417216,5930.3889949,-1.230327372,5522.8358668,4922.0813459,6123.5903876,NA,NA,NA,NA,NA,2732.7188864,2110.2166211,3355.2211517,NA,11881.034013,10647.526577,13114.541449,NA,NA,NA,NA,NA,NA,NA,NA,NA,5427.3610273,5176.6917434,5678.0303111,NA,11.4,9.5,13.5,-1.403330987,2.9639868155,2.3715247709,3.6624485838,-1.455734272,4.603839822,3.8599739931,5.4239109339,-1.026570644,NA,7.2021496089,6.9539610119,7.450338206,-0.554012952,7.3121533031,6.7392270029,7.8850796033,NA,NA,NA,10.651499483,9.2765813299,12.026417636,13.317274604,12.081946782,14.552602426,NA,NA,NA,11.081081081,7.8826031199,14.279559042,6.2026312026,5.9199625693,6.485299836,11.8,9.2,15,-1.778037115,27,22.7,31.6,-2.283355678,9,-1.218073607,19.3,16.1,23.1,-1.418080067,95.257257833,-1.466296903,17.34526734,14.655464713,20.258729072,0.1893564812,58,177,32.768361582,28.997008381,36.560037606,0.3622499903,1558,241.4,-0.549377167,4.8936960622,4.5272181722,5.2601739522,-1.569644475,16.544026866,14.772389243,18.315664488,NA,NA,NA,NA,NA,NA,14.69138237,12.332395089,17.050369652,NA,NA,NA,4.4014084507,2.4634348981,7.2594538942,1.7078982624,1.448862437,1.9669340879,31369,6.0090991811,5.4133545002,6.6048438619,-1.050191957,708,109.70723000000001,912:1,-1.532800487,671,104.17669000000001,960:1,-1.613874082,2206,342.49447,292:1,-0.636632831,3145,0.2695424083,NA,1697,6596,3777,2934,44,-0.28674355,NA,35,35,39,45,53,-1.243044226,NA,56,39,43,54,428521,454185,94.349439105,93.985930471,94.71294774,-1.07828763,113758,144594,78.674080529,76.660198264,80.687962794,-1.709940201,11494,347991,3.3029589846,-0.249570351,6.9,4.7553191489,9.0446808511,-1.490145922,4.4854881266,1.7904233171,16.781263429,14.337660141,4.8766763575,231290,46382,4.9866327455,0.5436584506,21395,133882,15.980490282,14.546379099,17.414601466,-0.800976677,542,8.3984913706,0.539994122,1931,61.688659158,58.937154419,64.440163897,-1.205434306,38.674413008,32.150428548,45.198397469,NA,NA,NA,20.626353604,14.446444485,28.555567677,92.105075749,79.144067995,105.0660835,NA,NA,NA,NA,NA,NA,66.168873361,62.877902147,69.459844575,8.2,0.3693825641,Yes,1.2996536963,17.052490188,16.316166723,17.788813653,15.598272504,14.835653481,16.360891527,1.5279031209,1.2739084521,1.7818977896,0.8772850337,0.6545143249,1.1000557425,0.959405361,68.739444094,67.7461411,69.732747088,-1.247176604,58.85959534,37.196733472,80.522457208,60.43490701,56.410805377,64.459008643,73.040436949,69.609966025,76.470907874,63.670473083,60.568184582,66.772761585,74.29328827,73.304629863,75.281946676,325055,43.9,42.644688063,45.155311937,0.8492123251
34027,New Jersey,Morris,NA,4307,4332.6635481,4121.0297336,4544.2973626,-1.629670931,3972.0308525,3464.057807,4480.003898,NA,NA,NA,NA,NA,2241.5107072,1771.6396974,2711.381717,NA,8713.2049845,6968.2427504,10458.167219,NA,NA,NA,NA,NA,NA,NA,NA,NA,4570.5081167,4303.4262633,4837.5899701,NA,10.3,8.5,12.3,-1.645404282,2.8976323491,2.3056588733,3.5744522818,-1.558436877,4.5289589812,3.7901558485,5.3180005585,-1.149618587,NA,6.1225112053,5.8630427671,6.3819796435,-1.069652423,6.1612852909,5.5726858196,6.7498847622,NA,NA,NA,9.0868794326,8.2482073411,9.9255515242,11.363636364,9.3643130883,13.362959639,NA,NA,NA,4.1666666667,1.7561686182,6.5771647152,5.1456262177,4.8395677672,5.4516846682,10.5,7.9,13.3,-2.095171881,24.6,20.5,29.3,-2.810462813,9.3,-1.472802139,18,14.8,21.6,-1.666599734,98.598819914,-1.613291901,18.546680143,15.626896149,21.810998354,0.6473460106,22,128,17.1875,12.9109721,21.885626586,-0.680511427,899,175.9,-0.792349238,2.8712967804,2.5586444643,3.1839490965,-1.744059264,12.779017857,11.123873769,14.434161945,NA,NA,NA,NA,NA,NA,3.7166085947,2.1243629393,6.0355395116,NA,NA,NA,NA,NA,NA,0.8139794405,0.6240733696,1.0434849069,23385,5.6390025585,5.0432578776,6.2347472393,-1.12116373,476,93.15415,1073:1,-1.076163833,580,113.46941,881:1,-1.885102559,1692,331.01764,302:1,-0.584988046,2164,-0.609110626,NA,1120,2829,2690,2128,44,-0.28674355,NA,35,41,37,46,58,-1.727373746,NA,60,44,46,59,342086,359811,95.073802635,94.676145428,95.471459842,-1.207652008,100243,120493,83.194044467,81.019863835,85.3682251,-2.096851808,8155,268713,3.034836424,-0.469154424,4.4,2.970212766,5.829787234,-1.786885137,32.394366197,2.3750821828,15.534271176,13.562065059,3.687543318,NA,NA,NA,0,12957,105317,12.302857089,11.062400644,13.543313533,-1.164231266,516,10.09822283,0.2372134915,1175,47.22983929,44.529280688,49.930397892,-1.710823902,23.129141562,18.339970797,28.786218781,NA,NA,NA,17.772840878,13.104289854,23.564208528,60.931026078,45.224181986,80.329961814,NA,NA,NA,NA,NA,NA,56.421944589,52.900136683,59.943752494,5.6,-1.174396494,Yes,1.2996536963,14.786055604,13.922714181,15.649397027,13.02220035,12.1993586,13.845042099,1.4443961772,1.1611588664,1.727633488,0.7031928758,0.4339562113,0.9724295402,0.4416287211,70.391887771,69.536166157,71.247609384,-1.023253906,NA,NA,NA,63.392446285,60.445513725,66.339378845,78.077437699,74.85114017,81.303735227,69.918879204,68.264659323,71.573099086,76.940493259,75.795464899,78.08552162,262320,44.3,42.679399259,45.920600741,0.8808108281
34029,New Jersey,Ocean,NA,8716,7298.6264431,7052.4254138,7544.8274724,-0.769981856,6161.2400696,5454.7168938,6867.7632454,NA,NA,NA,NA,NA,3242.998458,2098.6976114,4787.3054636,NA,12342.641559,10560.593714,14124.689404,NA,NA,NA,NA,NA,NA,NA,NA,NA,7343.3781132,7071.2627987,7615.4934277,NA,14.2,11.8,16.8,-0.787144419,3.8660852592,3.1602840535,4.6737102375,-0.059477694,5.0393116987,4.264648018,5.8828062379,-0.310981473,NA,5.8944968263,5.7133053192,6.0756883334,-1.178552972,6.686746988,6.0859176345,7.2875763414,NA,NA,NA,10.511363636,8.2457637343,12.776963538,13.812544045,12.017298977,15.607789113,NA,NA,NA,7.0336391437,4.2620097902,9.8052684973,5.526382501,5.3358100937,5.7169549083,14.2,11,17.7,-1.192557546,32,27,37.1,-1.185215813,8.2,-0.538797523,24.2,20.1,28.6,-0.481352088,93.494175563,-1.388739081,15.954586809,13.195180552,18.931020709,-0.340783634,53,204,25.980392157,22.434179411,29.626548736,-0.092040203,1120,172.6,-0.804590578,6.5850590682,6.1290226896,7.0410954468,-1.423778758,21.19757742,19.040551585,23.354603254,NA,NA,NA,NA,NA,NA,12.690901269,9.6609020496,16.370338,NA,NA,NA,13.904134651,9.8393932108,19.08451113,3.4239656327,3.049977749,3.7979535165,32003,6.3903881597,5.6754945427,7.1052817767,-0.977073876,249,38.36684,2606:1,0.4352100139,390,59.47525,1681:1,-0.309162808,1300,198.25082,504:1,0.0124521647,3359,0.461215955,NA,1990,4056,3539,3349,42,-0.038565959,NA,39,38,37,42,51,-1.049312418,NA,51,37,43,51,404729,434506,93.146930077,92.682204118,93.611656036,-0.863531051,93686,134981,69.406805402,67.312323794,71.501287011,-0.916655926,11050,298372,3.7034306168,0.078403513,18.3,15.321276596,21.278723404,-0.137015104,15.11627907,8.5637823372,13.709483794,14.733372688,17.768436518,160538,35640,4.5044332211,-0.064881775,19985,156211,12.793593281,11.001152805,14.586033757,-1.115759283,455,7.0108074293,0.7871883576,2236,72.833520357,69.814601268,75.852439447,-0.815879906,51.448742061,43.24253713,59.654946993,NA,NA,NA,20.33140185,10.50553202,35.514867419,80.785613866,63.754743117,100.9681563,NA,NA,NA,NA,NA,NA,76.732191495,73.354870684,80.109512307,6.3,-0.758763671,Yes,1.2996536963,18.389226646,17.511743636,19.266709655,16.308064162,15.397193002,17.218935322,2.2400906496,1.9310095089,2.5491717902,0.7975420017,0.5996624893,0.9954215141,1.2647885016,77.594679256,76.547551388,78.641807124,-0.047203393,NA,NA,NA,70.975218399,68.003612977,73.946823821,74.970588235,70.255480818,79.685695652,59.555655296,55.375196622,63.736113971,75.619785719,74.505156796,76.734414642,269436,43,41.605397457,44.394602543,0.7781156935
34031,New Jersey,Passaic,NA,6173,7031.0582058,6778.3961688,7283.7202428,-0.847536936,6199.5645932,5847.2347839,6551.8944026,NA,NA,NA,NA,NA,4584.2343437,3676.0006142,5492.4680732,NA,15698.169166,14509.665128,16886.673204,NA,NA,NA,NA,NA,NA,NA,NA,NA,6110.9619027,5721.4105539,6500.5132515,NA,17.6,15.2,20.2,-0.038917872,3.5511176208,2.9555611128,4.2357091705,-0.546980627,4.5016537901,3.8463302112,5.2382460838,-1.194487843,NA,8.8398883197,8.5790098506,9.1007667889,0.2281773809,8.6084005091,8.2503117803,8.966489238,NA,NA,NA,11.291413117,10.150864071,12.431962163,14.639321075,13.575520704,15.703121446,NA,NA,NA,13.563829787,10.102833985,17.024825589,6.7352666043,6.3185587707,7.1519744379,13.1,10.7,15.7,-1.460902348,31.1,27,35.5,-1.382880988,8.5,-0.793526054,31.3,27.4,35.3,0.8759476349,98.646869598,-1.615405602,15.831909365,13.426476396,18.544908824,-0.387549396,22,124,17.741935484,13.367958811,22.529283316,-0.643405397,2549,492,0.3802228454,16.883511365,16.143743774,17.623278957,-0.535624574,27.944252096,26.570684617,29.317819575,NA,NA,NA,2.3305844389,1.2409380586,3.985370369,23.563561854,20.783576749,26.34354696,NA,NA,NA,10.011123471,5.9332262405,15.821891139,1.9403691434,1.543233163,2.4085097287,52609,12.246099842,11.173759417,13.318440268,0.1458497515,269,51.91878,1926:1,0.0613634961,368,71.60425000000001,1397:1,-0.663174705,843,164.02821,610:1,0.1664512096,2521,-0.289356158,NA,1535,4274,2762,2312,39,0.3337004279,NA,33,36,32,41,47,-0.661848802,NA,49,32,35,50,295082,346430,85.177958029,84.57997802,85.775938038,0.5596509222,77427,134900,57.395848777,55.492529378,59.299168176,0.1114891214,11571,252876,4.5757604518,0.7928146309,17.6,14.025531915,21.174468085,-0.220102084,12.742382271,15.761396702,24.310436031,28.412813406,7.9799198991,171874,32538,5.2822545946,0.9167359377,33141,122848,26.977240167,25.139168916,28.815311418,0.2852164364,364,7.0254401998,0.7845817579,1496,58.984907592,55.99587137,61.973943814,-1.299940491,39.888239234,36.1311026,43.645375867,NA,NA,NA,25.165553391,17.528730004,34.999192811,112.21054779,99.205656169,125.21543941,NA,NA,NA,NA,NA,NA,71.878071321,66.681596621,77.07454602,7.7,0.072501976,Yes,1.2996536963,26.704410719,25.625268039,27.783553398,21.63756773,20.61674367,22.658391791,6.6990751719,6.0980347086,7.3001156352,0.9307564619,0.7317740503,1.1297388736,3.1644277407,68.327581307,67.389295411,69.265867202,-1.302988144,NA,NA,NA,65.844328207,61.3919434,70.296713013,67.947221517,63.436732784,72.45771025,59.576514577,57.572284989,61.580744165,74.894519884,73.728806099,76.060233669,246290,38.7,37.260317927,40.139682073,0.4384317867
34033,New Jersey,Salem,NA,1297,12372.678082,11322.986998,13422.369165,0.7007401017,11087.547989,8375.4145955,14398.103311,NA,NA,NA,NA,NA,NA,NA,NA,NA,22625.199756,18804.923342,26445.476171,NA,NA,NA,NA,NA,NA,NA,NA,NA,10525.914483,9409.0170514,11642.811915,NA,16.3,13.8,19,-0.325004493,4.0153876621,3.1933639561,4.9193509634,0.1716106794,5.3552192852,4.3406076389,6.4311730132,0.2081336756,NA,8.6873811034,7.8847990695,9.4899631372,0.1553393454,10.206718346,8.073916155,12.339520538,NA,NA,NA,NA,NA,NA,13.230429989,11.025356185,15.435503793,NA,NA,NA,NA,NA,NA,7.0169252468,6.0768159777,7.957034516,17.2,13.5,20.8,-0.460708084,35.8,28.6,43.2,-0.350629516,7.9,-0.284068991,28.1,23.4,33.2,0.2642069145,66.721162299,-0.210996776,17.069179552,13.598872594,20.813475436,0.0841092957,21,71,29.577464789,23.442666307,35.843974681,0.1486967124,290,445.8,0.2088440721,18.48912871,16.115053044,20.863204376,-0.397153693,34.403669725,26.253624398,44.28434255,NA,NA,NA,NA,NA,NA,36.43525357,28.609510706,45.741124324,NA,NA,NA,31.434184676,17.967352561,51.047146557,9.8376783079,7.8006670673,12.243842224,3491,6.7035351499,5.7503436605,7.6567266392,-0.917023078,16,24.59798,4065:1,0.8150405473,20,30.71395,3256:1,0.5302997454,75,115.1773,868:1,0.3862764359,3529,0.6134799874,NA,5947,5563,NA,3312,36,0.7059668144,NA,35,36,28,36,43,-0.274385186,NA,48,32,42,45,40866,45316,90.18006885,89.176265056,91.183872644,-0.333678093,8444,15296,55.203974895,50.645315789,59.762634002,0.2991148322,1408,30578,4.604617699,0.8164478227,15.1,9.9765957447,20.223404255,-0.516841299,NA,NA,38.180433955,31.829573935,14.688153524,143907,28752,5.0051126878,0.5669803075,4394,13969,31.455365452,26.176630457,36.734100448,0.7275388406,73,11.222826922,0.036882825,382,121.16175729,109.01137469,133.31213989,0.8733719401,87.35602433,57.568170479,127.09842903,NA,NA,NA,NA,NA,NA,192.42050921,153.03774133,238.84458791,NA,NA,NA,NA,NA,NA,114.62929319,100.82771504,128.43087134,8.5,0.5475109169,Yes,1.2996536963,18.083145607,15.901957964,20.26433325,16.862745098,14.743081398,18.982408798,1.1468359615,0.6354650332,1.6582068898,0.6143764079,0.1055182668,1.1232345491,1.1948629839,81.376632545,79.64675087,83.10651422,0.4652892232,NA,NA,NA,NA,NA,NA,73.494288681,65.597212932,81.39136443,74.473297403,69.055157457,79.891437349,81.021390064,78.10260599,83.940174139,28330,39.7,36.454421471,42.945578529,0.5174280441
34035,New Jersey,Somerset,NA,2805,4405.4611619,4141.6431216,4669.2792022,-1.608570426,3921.9017444,3350.9528219,4492.8506669,NA,NA,NA,NA,NA,1742.5717224,1371.4651761,2113.6782687,NA,8355.6770207,7188.8003395,9522.5537018,NA,NA,NA,NA,NA,NA,NA,NA,NA,4887.1850154,4476.2171849,5298.1528458,NA,10.8,9.1,12.8,-1.535370966,2.7850031395,2.1837689616,3.4574237135,-1.732762945,4.3128406389,3.544550207,5.1117180438,-1.504755058,NA,7.2422762744,6.899099619,7.5854529297,-0.534848302,6.544354076,5.8777198886,7.2109882635,NA,NA,NA,9.222462203,8.3890147623,10.055909644,10.834896811,9.5155094503,12.154284171,NA,NA,NA,8.4821428571,4.833446065,12.130839649,5.7936932122,5.3202674229,6.2671190015,9.9,7.7,12.3,-2.241541774,24.9,20.3,29.9,-2.744574421,9.5,-1.64262116,20.5,16.9,24.4,-1.188677296,95.763852896,-1.488581971,15.68953071,12.849866664,18.715104857,-0.441825439,16,96,16.666666667,11.760990489,22.163660155,-0.715368608,753,217.9,-0.636550353,5.4836090666,4.9540993314,6.0131188018,-1.518769481,20.316193853,17.914973187,22.71741452,NA,NA,NA,NA,NA,NA,9.6355257646,7.4970141819,12.194374542,NA,NA,NA,NA,NA,NA,1.3325160568,0.9890191013,1.7567563005,15154,5.3370806303,4.7413359494,5.9328253111,-1.179061947,381,110.22807,907:1,-1.547168335,341,98.30631,1017:1,-1.442533761,1067,307.6036,325:1,-0.479626716,2479,-0.32697433,NA,1189,5105,3667,2297,42,-0.038565959,NA,35,38,29,44,56,-1.533641938,NA,58,43,42,57,228104,242607,94.02201915,93.534534652,94.509503649,-1.019813566,68256,83450,81.792690234,79.330580404,84.254800063,-1.97689505,5572,179242,3.108646411,-0.408706331,5.8,4.1319148936,7.4680851064,-1.620711177,4.7858942065,4.3483662567,10.007293946,12.095490716,3.5989029367,NA,NA,NA,0,10205,73445,13.894751174,11.832039819,15.95746253,-1.006993499,321,9.2869314648,0.3817323858,755,45.195832645,41.971936912,48.419728377,-1.781920009,27.89520831,21.786389124,35.186009613,NA,NA,NA,12.653342697,9.0397335338,17.230261407,66.232267099,53.563596537,78.90093766,NA,NA,NA,NA,NA,NA,58.277680526,53.320770122,63.234590931,8.4,0.4881347993,Yes,1.2996536963,16.166889409,14.994080969,17.339697849,14.346055339,13.243135813,15.448974864,1.6747410625,1.2939694395,2.0555126854,0.6097560976,0.4041706892,0.8153415059,0.7570860886,68.464590051,67.368114659,69.561065444,-1.284422084,NA,NA,NA,60.920814981,58.725826323,63.11580364,68.341661167,65.521743894,71.16157844,67.805009105,66.612086734,68.997931476,77.34811242,76.005962934,78.690261906,180486,45.9,44.077371748,47.722628252,1.0072048399
34037,New Jersey,Sussex,NA,2014,6625.1506642,6135.1063671,7115.1949612,-0.965189885,4852.7047647,3601.771011,6397.6862615,NA,NA,NA,NA,NA,NA,NA,NA,NA,8750.0320631,6251.1511905,11915.060184,NA,NA,NA,NA,NA,NA,NA,NA,NA,6891.5466948,6336.7759959000005,7446.3173937,NA,11.8,9.8,14.1,-1.315304335,3.2199609856999998,2.5263781834,4.0197077083,-1.059540684,5.0674337896,4.1693780684,6.0389428574,-0.264769846,NA,6.0643425625,5.5690561611,6.5596289639,-1.097433992,6.3694267516,4.9255961574,7.8132573458,NA,NA,NA,8.3682008368,4.8574801755,11.878921498,12.554112554,8.2813103874,16.826914721,NA,NA,NA,NA,NA,NA,5.7146868857,5.1755819221,6.2537918493,12.5,9.5,15.8,-1.60727224,31.8,26.2,38.4,-1.229141407,9,-1.218073607,20.5,16.5,24.9,-1.188677296,95.256585379,-1.466267321,19.659285068,16.16414316,23.716912136,1.0714811662,11,50,22,14.796598671,29.858019968,-0.358431079,191,131.2,-0.958163765,3.4899953467,2.8224415508,4.1575491425,-1.690701759,6.0340098738,3.7814818629,9.1355634633,NA,NA,NA,NA,NA,NA,22.959183673,13.607067322,36.285408505,NA,NA,NA,NA,NA,NA,2.5205570018,1.9280263857,3.2377609155,6765,5.7264023972,5.0115087802,6.4412960142,-1.104403454,66,45.34742,2205:1,0.2426421377,102,69.82284,1432:1,-0.611180441,323,221.10567,452:1,-0.09039284,2800,-0.03946401,NA,810,2307,2153,2803,36,0.7059668144,NA,30,37,31,36,52,-1.146178322,NA,52,38,41,52,100295,105082,95.444510002,94.882938322,96.006081681,-1.273856788,24986,33439,74.721134005,71.320496285,78.121771725,-1.371565622,2865,77612,3.6914394681,0.0685831336,6.9,4.7553191489,9.0446808511,-1.490145922,NA,NA,3.59375,7.9369117273,7.7789295138,196026,53002,3.6984642089,-1.082022067,4825,28022,17.218613946,14.439821067,19.997406825,-0.678682235,119,8.1762778011,0.5795780012,469,66.194881117,60.20395372,72.185808515,-1.047925068,33.698399326,21.118607448,51.019781553,NA,NA,NA,NA,NA,NA,NA,NA,NA,NA,NA,NA,NA,NA,NA,72.252415058,65.462508291,79.042321825,7.7,0.072501976,Yes,1.2996536963,13.163481953,11.950151711,14.376812196,12.311276794,11.06625555,13.556298038,0.7292532078,0.4364847306,1.022021685,0.3415489707,0.1990486471,0.4840492943,0.0709448555,78.869247703,77.544132888,80.194362518,0.12551342,NA,NA,NA,60.960960961,49.410044022,72.5118779,56.07661823,42.479122233,69.674114227,68.343770244,60.190519013,76.497021475,71.422651576,69.430471701,73.414831451,75861,58.2,55.672469378,60.727530622,1.9788588058
34039,New Jersey,Union,NA,6282,6365.2599188,6134.3319787,6596.187859,-1.040519632,5996.1752559,5617.261297,6375.0892148,NA,NA,NA,NA,NA,2692.0300432,2113.9679376,3270.0921487,NA,9916.2561512,9266.2298763,10566.282426,NA,NA,NA,NA,NA,NA,NA,NA,NA,5336.5005384,4988.9312587,5684.069818,NA,15.5,13.3,17.7,-0.501057798,3.3579352876,2.7981962937,4.0549595162,-0.845985802,4.3968933621,3.776784584,5.1541878538,-1.366635419,NA,7.3751178134,7.1380239264,7.6122117003,-0.47140267,6.7893620171,6.4430173052,7.135706729,NA,NA,NA,7.805907173,6.8199580292,8.7918563167,11.264286556,10.591650663,11.936922449,NA,NA,NA,10.880829016,7.7742744887,13.987383542,5.6459671663,5.2637709252,6.0281634074,12.5,10.2,15,-1.60727224,28.2,24.4,32.7,-2.01980211,9.4,-1.55771165,24.9,21.6,28.6,-0.347533806,99.968192997,-1.673530492,16.689921383,14.242180627,19.528560493,-0.060467381,29,143,20.27972028,16.114526524,24.724463431,-0.473562153,2249,393.1,0.0133535667,11.569651599,10.965963178,12.173340019,-0.99389992,23.533746287,22.090894603,24.97659797,NA,NA,NA,NA,NA,NA,10.69027589,9.4619927507,11.918559029,NA,NA,NA,4.7797883237,2.6131547546,8.0196726261,1.3437691546,1.017757635,1.7410088029,55898,11.6660023,10.712810811,12.619193789,0.0346070415,352,61.526199999999996,1625:1,-0.203668846,507,88.97625,1124:1,-1.170215202,1350,236.919,422:1,-0.161551595,2737,-0.09589127,NA,1320,4142,2662,2381,41,0.0855228369,NA,36,37,34,44,49,-0.85558061,NA,51,36,37,55,337913,389288,86.802829782,86.284264126,87.321395437,0.2694644122,97881,151067,64.793105046,62.939749217,66.646460876,-0.521720425,11206,289390,3.8722830782,0.2166884493,12.7,10.078723404,15.321276596,-0.801710945,7.8947368421,7.1866783523,14.498202702,17.689502826,4.54048007,195872,40301,4.8602267934,0.3841329788,31010,133413,23.243611942,21.117224796,25.369999088,-0.083569006,465,8.127750763,0.5882223357,1567,55.848440093,53.08320143,58.613678756,-1.40957171,41.867622191,37.685429843,46.049814539,NA,NA,NA,18.49595959,12.38703442,26.563283249,74.661466501,67.66923929,81.653693713,NA,NA,NA,NA,NA,NA,64.142632864,59.411114792,68.874150937,10.2,1.5569049164,No,-0.76918280000000006,21.78932555,20.784516549,22.794134551,17.599220971,16.690309522,18.508132419,4.5580110497,4.0187274364,5.097294663,1.0867299072,0.8627067923,1.3107530221,2.0415555868,63.894536124,62.942085652,64.846986597,-1.903710243,NA,NA,NA,65.278326096,60.844233059,69.712419132,69.909769364,67.041296027,72.7782427,61.484470726,59.179062126,63.789879327,74.582561956,73.203123305,75.962000607,285292,41.7,40.207068109,43.192931891,0.6754205589
34041,New Jersey,Warren,NA,1414,6444.1111243,5882.8385209,7005.3837278,-1.017664484,4208.8201772,3045.9440313,5669.2531581,NA,NA,NA,NA,NA,NA,NA,NA,NA,9241.6424721,6602.3648742,12584.49403,NA,NA,NA,NA,NA,NA,NA,NA,NA,6745.6094327,6083.6719289,7407.5469366,NA,12.8,10.8,15.2,-1.095237703,3.4601596624,2.7464496476,4.2548556262,-0.687764206,5.207180734,4.2630933837,6.1574350995,-0.035130677,NA,7.9506314581,7.3154274665,8.5858354497,-0.196535131,9.3173431734,7.5869308719,11.047755475,NA,NA,NA,7.4380165289,4.1320893412,10.743943717,14.132762313,10.973214698,17.292309927,NA,NA,NA,NA,NA,NA,6.9561720949,6.2491514025,7.6631927873,13.9,10.8,17.3,-1.265742492,31.6,25.6,38.4,-1.273067002,8.5,-0.793526054,22.7,18.7,27.3,-0.768105551,90.009303853,-1.235439906,17.672359132,14.344542606,21.342181658,0.3140468587,12,55,21.818181818,14.965115359,29.280021633,-0.370599404,274,247.4,-0.527120184,6.7515266191,5.6954188695,7.8076343687,-1.409422343,12.704174229,9.1560513407,17.172352928,NA,NA,NA,NA,NA,NA,17.423771002,11.577969294,25.182200338,NA,NA,NA,NA,NA,NA,4.6662728884,3.694332189,5.8155682909,6124,6.9186795309,5.9654880416,7.8718710203,-0.875765803,60,54.185370000000006,1846:1,-0.001163197,79,71.21865,1404:1,-0.651920222,286,257.82954,388:1,-0.255647387,3381,0.4809207121,NA,1062,1710,2741,3384,39,0.3337004279,NA,33,30,38,39,52,-1.146178322,NA,56,38,46,53,74381,79264,93.839574082,93.129477216,94.549670948,-0.987230627,17177,25272,67.968502691,63.707585995,72.229419387,-0.793536356,2034,58921,3.4520799036,-0.127444937,9.6,6.3829787234,12.817021277,-1.169667571,NA,3.9692701665,9.7007223942,12.184038625,8.0316183217,164424,38714,4.2471457354,-0.389580944,3818,21207,18.003489414,13.540220211,22.466758617,-0.601156935,96,8.6696589031,0.4916898584,389,72.819305165,65.582817914,80.055792416,-0.81637678,50.696167008,33.687234806,73.270076485,NA,NA,NA,NA,NA,NA,73.051355103,44.621665518,112.82189314,NA,NA,NA,NA,NA,NA,77.6214179,69.271761555,85.971074245,7.4,-0.105626377,No,-0.76918280000000006,13.397920605,12.06087078,14.734970429,11.955174058,10.722038495,13.188309621,1.072778828,0.6533271353,1.4922305207,0.5434782609,0.1869780087,0.899978513,0.1245033646,77.709929181,76.223284755,79.196573606,-0.031585871,NA,NA,NA,73.959827834,61.273605228,86.64605044,60.797174571,45.831569923000004,75.76277922,56.38091125,49.669251254,63.092571246,76.46357661,74.276190292,78.650962928,55352,55.3,52.183850968,58.416149032,1.7497696594
