yearID,lgID,teamID,franchID,divID,Rank,G,Ghome,W,L,DivWin,WCWin,LgWin,WSWin,R,AB,H,X2B,X3B,HR,BB,SO,SB,CS,HBP,SF,RA,ER,ERA,CG,SHO,SV,IPouts,HA,HRA,BBA,SOA,E,DP,FP,name,park,attendance,BPF,PPF,teamIDBR,teamIDlahman45,teamIDretro
1990,NL,ATL,ATL,W,6,162,81,65,97,N,NA,N,N,682,5504,1376,263,26,162,473,1010,92,55,27,31,821,727,4.58,17,8,30,4289,1527,128,579,938,158,133,0.974,Atlanta Braves,Atlanta-Fulton County Stadium,980129,105,106,ATL,ATL,ATL
1990,AL,BAL,BAL,E,5,161,80,76,85,N,NA,N,N,669,5410,1328,234,22,132,660,962,94,52,40,41,698,644,4.04,10,5,43,4306,1445,161,537,776,93,151,0.985,Baltimore Orioles,Memorial Stadium,2415189,97,98,BAL,BAL,BAL
1990,AL,BOS,BOS,E,1,162,81,88,74,Y,NA,N,N,699,5516,1502,298,31,106,598,795,53,52,28,44,664,596,3.72,15,13,44,4326,1439,92,519,997,123,154,0.98,Boston Red Sox,Fenway Park II,2528986,105,105,BOS,BOS,BOS
1990,AL,CAL,ANA,W,4,162,81,80,82,N,NA,N,N,690,5570,1448,237,27,147,566,1000,69,43,28,45,706,613,3.79,21,13,42,4362,1482,106,544,944,142,186,0.978,California Angels,Anaheim Stadium,2555688,97,97,CAL,CAL,CAL
1990,AL,CHA,CHW,W,2,162,80,94,68,N,NA,N,N,682,5402,1393,251,44,106,478,903,140,90,36,47,633,581,3.61,17,10,68,4348,1313,106,548,914,124,169,0.98,Chicago White Sox,Comiskey Park,2002357,98,98,CHW,CHA,CHA
1990,NL,CHN,CHC,E,4,162,81,77,85,N,NA,N,N,690,5600,1474,240,36,136,406,869,151,50,30,51,774,695,4.34,13,7,42,4328,1510,121,572,877,124,136,0.98,Chicago Cubs,Wrigley Field,2243791,108,108,CHC,CHN,CHN
1990,NL,CIN,CIN,W,1,162,81,91,71,Y,NA,Y,Y,693,5525,1466,284,40,125,466,913,166,66,42,42,597,549,3.39,14,12,50,4369,1338,124,543,1029,102,126,0.983,Cincinnati Reds,Riverfront Stadium,2400892,105,105,CIN,CIN,CIN
1990,AL,CLE,CLE,E,4,162,81,77,85,N,NA,N,N,732,5485,1465,266,41,110,458,836,107,52,29,61,737,676,4.26,12,10,47,4282,1491,163,518,860,117,146,0.981,Cleveland Indians,Cleveland Stadium,1225240,100,100,CLE,CLE,CLE
1990,AL,DET,DET,E,3,162,81,79,83,N,NA,N,N,750,5479,1418,241,32,172,634,952,82,57,34,41,754,697,4.39,15,12,45,4291,1401,154,661,856,131,178,0.979,Detroit Tigers,Tiger Stadium,1495785,101,102,DET,DET,DET
1990,NL,HOU,HOU,W,4,162,81,75,87,N,NA,N,N,573,5379,1301,209,32,94,548,997,179,83,28,41,656,581,3.61,12,6,37,4350,1396,130,496,854,131,124,0.978,Houston Astros,Astrodome,1310927,97,98,HOU,HOU,HOU
1990,AL,KCA,KCR,W,6,161,81,75,86,N,NA,N,N,707,5488,1465,316,44,100,498,879,107,62,27,54,709,621,3.93,18,8,33,4262,1449,116,560,1006,122,161,0.98,Kansas City Royals,Royals Stadium,2244956,98,98,KCR,KCA,KCA
1990,NL,LAN,LAD,W,2,162,81,86,76,N,NA,N,N,728,5491,1436,222,27,129,538,952,141,65,31,48,685,596,3.72,29,12,29,4326,1364,137,478,1021,130,123,0.979,Los Angeles Dodgers,Dodger Stadium,3002396,98,97,LAD,LAN,LAN
1990,AL,MIN,MIN,W,7,162,81,74,88,N,NA,N,N,666,5499,1458,281,39,100,445,749,96,53,53,49,729,658,4.12,13,13,43,4307,1509,134,489,872,101,161,0.983,Minnesota Twins,Hubert H Humphrey Metrodome,1751584,107,107,MIN,MIN,MIN
1990,AL,ML4,MIL,E,6,162,81,74,88,N,NA,N,N,732,5503,1408,247,36,128,519,821,164,72,33,71,760,655,4.08,23,13,42,4335,1558,121,469,771,149,152,0.976,Milwaukee Brewers,County Stadium,1752900,99,99,MIL,MIL,MIL
1990,NL,MON,WSN,E,3,162,81,85,77,N,NA,N,N,662,5453,1363,227,43,114,576,1024,235,99,26,47,598,551,3.37,18,11,50,4420,1349,127,510,991,110,134,0.982,Montreal Expos,Stade Olympique,1373087,96,96,MON,MON,MON
1990,AL,NYA,NYY,E,7,162,81,67,95,N,NA,N,N,603,5483,1322,208,19,147,427,1027,119,45,53,36,749,676,4.21,15,6,41,4334,1430,144,618,909,126,164,0.98,New York Yankees,Yankee Stadium II,2006436,100,102,NYY,NYA,NYA
1990,NL,NYN,NYM,E,2,162,81,91,71,N,NA,N,N,775,5504,1410,278,21,172,536,851,110,33,32,56,613,548,3.43,18,14,41,4320,1339,119,444,1217,132,107,0.978,New York Mets,Shea Stadium,2732745,100,99,NYM,NYN,NYN
1990,AL,OAK,OAK,W,1,162,81,103,59,Y,NA,Y,N,733,5433,1379,209,22,164,651,992,141,54,46,48,570,514,3.18,18,16,64,4368,1287,123,494,831,87,152,0.986,Oakland Athletics,Oakland Coliseum,2900217,96,95,OAK,OAK,OAK
1990,NL,PHI,PHI,E,4,162,81,77,85,N,NA,N,N,646,5535,1410,237,27,103,582,915,108,35,30,39,729,655,4.07,18,7,35,4347,1381,124,651,840,117,150,0.981,Philadelphia Phillies,Veterans Stadium,1992484,99,100,PHI,PHI,PHI
1990,NL,PIT,PIT,E,1,162,81,95,67,Y,NA,N,N,733,5388,1395,288,42,138,582,914,137,52,24,66,619,546,3.4,18,8,43,4341,1367,135,413,848,134,125,0.979,Pittsburgh Pirates,Three Rivers Stadium,2049908,96,95,PIT,PIT,PIT
1990,NL,SDN,SDP,W,4,162,81,75,87,N,NA,N,N,673,5554,1429,243,35,123,509,902,138,59,28,48,673,597,3.68,21,12,35,4385,1437,147,507,928,141,141,0.977,San Diego Padres,Jack Murphy Stadium,1856396,101,101,SDP,SDN,SDN
1990,AL,SEA,SEA,W,5,162,81,77,85,N,NA,N,N,640,5474,1419,251,26,107,596,749,105,51,40,54,680,592,3.69,21,7,41,4330,1319,120,606,1064,130,152,0.979,Seattle Mariners,Kingdome,1509727,101,101,SEA,SEA,SEA
1990,NL,SFN,SFG,W,3,162,81,85,77,N,NA,N,N,719,5573,1459,221,35,152,488,973,109,56,33,45,710,655,4.08,14,6,45,4339,1477,131,553,788,107,148,0.983,San Francisco Giants,Candlestick Park,1975528,96,96,SFG,SFN,SFN
1990,NL,SLN,STL,E,6,162,81,70,92,N,NA,N,N,599,5462,1398,255,41,73,517,844,221,74,21,50,698,621,3.87,8,13,39,4330,1432,98,475,833,130,114,0.979,St. Louis Cardinals,Busch Stadium II,2573225,100,100,STL,SLN,SLN
1990,AL,TEX,TEX,W,3,162,82,83,79,N,NA,N,N,676,5469,1416,257,27,110,575,1054,115,48,34,44,696,615,3.83,25,9,36,4334,1343,113,623,997,133,161,0.979,Texas Rangers,Arlington Stadium,2057911,100,101,TEX,TEX,TEX
1990,AL,TOR,TOR,E,2,162,81,86,76,N,NA,N,N,767,5589,1479,263,50,167,526,970,111,52,28,62,661,620,3.84,6,9,48,4362,1434,143,445,892,86,144,0.986,Toronto Blue Jays,Skydome,3885284,106,105,TOR,TOR,TOR
1991,NL,ATL,ATL,W,1,162,81,94,68,Y,NA,Y,N,749,5456,1407,255,30,141,563,906,165,76,32,45,644,563,3.49,18,7,48,4358,1304,118,481,969,138,122,0.978,Atlanta Braves,Atlanta-Fulton County Stadium,2140217,106,106,ATL,ATL,ATL
1991,AL,BAL,BAL,E,6,162,81,67,95,N,NA,N,N,686,5604,1421,256,29,170,528,974,50,33,33,45,796,743,4.59,8,8,42,4373,1534,147,504,868,91,172,0.985,Baltimore Orioles,Memorial Stadium,2552753,96,97,BAL,BAL,BAL
1991,AL,BOS,BOS,E,2,162,81,84,78,N,NA,N,N,731,5530,1486,305,25,126,593,820,59,39,32,51,712,642,4.01,15,13,45,4319,1405,147,530,999,116,165,0.981,Boston Red Sox,Fenway Park II,2562435,105,105,BOS,BOS,BOS
1991,AL,CAL,ANA,W,7,162,81,81,81,N,NA,N,N,653,5470,1396,245,29,115,448,928,94,56,38,31,649,591,3.69,18,10,50,4325,1351,141,543,990,102,156,0.984,California Angels,Anaheim Stadium,2416236,99,100,CAL,CAL,CAL
1991,AL,CHA,CHW,W,2,162,81,87,75,N,NA,N,N,758,5594,1464,226,39,139,610,896,134,74,37,41,681,622,3.79,28,8,40,4434,1302,154,601,923,116,151,0.982,Chicago White Sox,Comiskey Park II,2934154,98,97,CHW,CHA,CHA
1991,NL,CHN,CHC,E,4,160,83,77,83,N,NA,N,N,695,5522,1395,232,26,159,442,879,123,64,36,55,734,653,4.03,12,4,40,4370,1415,117,542,927,113,120,0.982,Chicago Cubs,Wrigley Field,2314250,104,105,CHC,CHN,CHN
1991,NL,CIN,CIN,W,5,162,81,74,88,N,NA,N,N,689,5501,1419,250,27,164,488,1006,124,56,32,41,691,613,3.83,7,11,43,4320,1372,127,560,997,125,131,0.979,Cincinnati Reds,Riverfront Stadium,2372377,104,104,CIN,CIN,CIN
1991,AL,CLE,CLE,E,7,162,82,57,105,N,NA,N,N,576,5470,1390,236,26,79,449,888,84,58,43,46,759,678,4.23,22,8,33,4324,1551,110,441,862,149,150,0.976,Cleveland Indians,Cleveland Stadium,1051863,101,102,CLE,CLE,CLE
1991,AL,DET,DET,E,2,162,81,84,78,N,NA,N,N,817,5547,1372,259,26,209,699,1185,109,47,31,44,794,726,4.51,18,8,38,4351,1570,148,593,739,104,171,0.983,Detroit Tigers,Tiger Stadium,1641661,102,102,DET,DET,DET
1991,NL,HOU,HOU,W,6,162,81,65,97,N,NA,N,N,605,5504,1345,240,43,79,502,1027,125,68,35,43,717,646,4,7,13,36,4359,1347,129,651,1033,161,129,0.974,Houston Astros,Astrodome,1196152,93,94,HOU,HOU,HOU
1991,AL,KCA,KCR,W,6,162,81,82,80,N,NA,N,N,727,5584,1475,290,41,117,523,969,119,68,35,47,722,639,3.92,17,12,41,4398,1473,105,529,1004,125,141,0.98,Kansas City Royals,Royals Stadium,2161537,100,101,KCR,KCA,KCA
1991,NL,LAN,LAD,W,2,162,81,93,69,N,NA,N,N,665,5408,1366,191,29,108,583,957,126,68,28,46,565,496,3.06,15,14,40,4374,1312,96,500,1028,123,126,0.98,Los Angeles Dodgers,Dodger Stadium,3348170,98,97,LAD,LAN,LAN
1991,AL,MIN,MIN,W,1,162,81,95,67,Y,NA,Y,Y,776,5556,1557,270,42,140,526,747,107,68,40,49,652,595,3.69,21,12,53,4348,1402,139,488,876,95,161,0.985,Minnesota Twins,Hubert H Humphrey Metrodome,2293842,105,104,MIN,MIN,MIN
1991,AL,ML4,MIL,E,4,162,80,83,79,N,NA,N,N,799,5611,1523,247,53,116,556,802,106,68,23,66,744,674,4.14,23,11,41,4391,1498,147,527,859,118,176,0.981,Milwaukee Brewers,County Stadium,1478729,98,98,MIL,MIL,MIL
1991,NL,MON,WSN,E,6,161,68,71,90,N,NA,N,N,579,5412,1329,236,42,95,484,1056,221,100,28,47,655,583,3.64,12,14,39,4321,1304,111,584,909,133,128,0.979,Montreal Expos,Stade Olympique,934742,99,99,MON,MON,MON
1991,AL,NYA,NYY,E,5,162,81,71,91,N,NA,N,N,674,5541,1418,249,19,147,473,861,109,36,39,50,777,709,4.42,3,11,37,4332,1510,152,506,936,133,181,0.979,New York Yankees,Yankee Stadium II,1863733,100,101,NYY,NYA,NYA
1991,NL,NYN,NYM,E,5,161,82,77,84,N,NA,N,N,640,5359,1305,250,24,117,578,789,153,70,27,52,646,568,3.56,12,11,39,4312,1403,108,410,1028,143,112,0.977,New York Mets,Shea Stadium,2284484,99,99,NYM,NYN,NYN
1991,AL,OAK,OAK,W,4,162,81,84,78,N,NA,N,N,760,5410,1342,246,19,159,642,981,151,64,50,49,776,734,4.57,14,10,49,4333,1425,155,655,892,107,150,0.982,Oakland Athletics,Oakland Coliseum,2713493,94,93,OAK,OAK,OAK
1991,NL,PHI,PHI,E,3,162,83,78,84,N,NA,N,N,629,5521,1332,248,33,111,490,1026,92,30,21,49,680,628,3.86,16,11,35,4389,1346,111,670,988,119,111,0.981,Philadelphia Phillies,Veterans Stadium,2050012,99,99,PHI,PHI,PHI
1991,NL,PIT,PIT,E,1,162,84,98,64,Y,NA,N,N,768,5449,1433,259,50,126,620,901,124,46,35,66,632,557,3.44,18,11,51,4370,1411,117,401,919,120,134,0.981,Pittsburgh Pirates,Three Rivers Stadium,2065302,99,98,PIT,PIT,PIT
1991,NL,SDN,SDP,W,3,162,81,84,78,N,NA,N,N,636,5408,1321,204,36,121,501,1069,101,64,32,38,646,577,3.57,14,11,47,4358,1385,139,457,921,113,130,0.982,San Diego Padres,Jack Murphy Stadium,1804289,103,103,SDP,SDN,SDN
1991,AL,SEA,SEA,W,5,162,81,83,79,N,NA,N,N,702,5494,1400,268,29,126,588,811,97,44,37,62,674,616,3.79,10,13,48,4393,1387,136,628,1003,110,187,0.983,Seattle Mariners,Kingdome,2147905,100,100,SEA,SEA,SEA
1991,NL,SFN,SFG,W,4,162,81,75,87,N,NA,N,N,649,5463,1345,215,48,141,471,973,95,57,40,33,697,646,4.03,10,10,45,4326,1397,143,544,905,109,151,0.982,San Francisco Giants,Candlestick Park,1737478,96,97,SFG,SFN,SFN
1991,NL,SLN,STL,E,2,162,84,84,78,N,NA,N,N,651,5362,1366,239,53,68,532,857,202,110,21,47,648,588,3.69,9,5,51,4306,1367,114,454,822,107,133,0.982,St. Louis Cardinals,Busch Stadium II,2448699,100,100,STL,SLN,SLN
1991,AL,TEX,TEX,W,3,162,81,85,77,N,NA,N,N,829,5703,1539,288,31,177,596,1039,102,50,42,41,814,734,4.47,9,10,41,4437,1486,151,662,1022,134,138,0.979,Texas Rangers,Arlington Stadium,2297720,98,99,TEX,TEX,TEX
1991,AL,TOR,TOR,E,1,162,81,91,71,Y,NA,N,N,684,5489,1412,295,45,133,499,1043,148,53,58,65,622,569,3.5,10,16,60,4388,1301,121,523,971,127,115,0.98,Toronto Blue Jays,Skydome,4001527,104,103,TOR,TOR,TOR
1992,NL,ATL,ATL,W,1,162,81,98,64,Y,NA,Y,N,682,5480,1391,223,48,138,493,924,126,60,26,50,569,510,3.14,26,24,41,4380,1321,89,489,948,109,121,0.982,Atlanta Braves,Atlanta-Fulton County Stadium,3077400,107,105,ATL,ATL,ATL
1992,AL,BAL,BAL,E,3,162,81,89,73,N,NA,N,N,705,5485,1423,243,36,148,647,827,89,48,51,59,656,616,3.79,20,16,48,4392,1419,124,518,846,93,168,0.985,Baltimore Orioles,Oriole Park at Camden Yards,3567819,102,101,BAL,BAL,BAL
1992,AL,BOS,BOS,E,7,162,81,73,89,N,NA,N,N,599,5461,1343,259,21,84,591,865,44,48,31,43,669,577,3.58,22,13,39,4346,1403,107,535,943,139,170,0.978,Boston Red Sox,Fenway Park II,2468574,106,107,BOS,BOS,BOS
1992,AL,CAL,ANA,W,5,162,81,72,90,N,NA,N,N,579,5364,1306,202,20,88,416,882,160,101,40,40,671,617,3.84,26,13,42,4338,1449,130,532,888,134,172,0.979,California Angels,Anaheim Stadium,2065444,100,101,CAL,CAL,CAL
1992,AL,CHA,CHW,W,3,162,82,86,76,N,NA,N,N,738,5498,1434,269,36,110,622,784,160,57,31,69,690,621,3.82,21,5,52,4385,1400,123,550,810,129,134,0.979,Chicago White Sox,Comiskey Park II,2681156,99,99,CHW,CHA,CHA
1992,NL,CHN,CHC,E,4,162,81,78,84,N,NA,N,N,593,5590,1420,221,41,104,417,816,77,51,31,40,624,554,3.39,16,11,37,4407,1337,107,575,901,114,142,0.982,Chicago Cubs,Wrigley Field,2126720,102,103,CHC,CHN,CHN
1992,NL,CIN,CIN,W,2,162,81,90,72,N,NA,N,N,660,5460,1418,281,44,99,563,888,125,65,21,52,609,558,3.46,9,11,55,4349,1362,109,470,1060,96,128,0.984,Cincinnati Reds,Riverfront Stadium,2315946,103,103,CIN,CIN,CIN
1992,AL,CLE,CLE,E,4,162,81,76,86,N,NA,N,N,674,5620,1495,227,24,127,448,885,144,67,45,44,746,671,4.11,13,7,46,4410,1507,159,566,890,141,176,0.978,Cleveland Indians,Cleveland Stadium,1224094,99,100,CLE,CLE,CLE
1992,AL,DET,DET,E,6,162,80,75,87,N,NA,N,N,791,5515,1411,256,16,182,675,1055,66,45,24,53,794,733,4.6,10,4,36,4307,1534,155,564,693,116,164,0.981,Detroit Tigers,Tiger Stadium,1423963,101,100,DET,DET,DET
1992,NL,HOU,HOU,W,4,162,81,81,81,N,NA,N,N,608,5480,1350,255,38,96,506,1025,139,54,48,40,668,603,3.72,5,12,45,4378,1386,114,539,978,114,125,0.981,Houston Astros,Astrodome,1211412,95,95,HOU,HOU,HOU
1992,AL,KCA,KCR,W,5,162,81,72,90,N,NA,N,N,610,5501,1411,284,42,75,439,741,131,71,51,46,667,613,3.81,9,12,44,4342,1426,106,512,834,122,164,0.98,Kansas City Royals,Royals Stadium,1867689,102,103,KCR,KCA,KCA
1992,NL,LAN,LAD,W,6,162,81,63,99,N,NA,N,N,548,5368,1333,201,34,72,503,899,142,78,24,40,636,545,3.41,18,13,29,4314,1401,82,553,981,174,136,0.972,Los Angeles Dodgers,Dodger Stadium,2473266,99,99,LAD,LAN,LAN
1992,AL,MIN,MIN,W,2,162,81,90,72,N,NA,N,N,747,5582,1544,275,27,104,527,834,123,74,53,59,653,598,3.7,16,13,50,4359,1391,121,479,923,95,155,0.985,Minnesota Twins,Hubert H Humphrey Metrodome,2482428,103,102,MIN,MIN,MIN
1992,AL,ML4,MIL,E,2,162,81,92,70,N,NA,N,N,740,5504,1477,272,35,82,511,779,256,115,33,72,604,556,3.43,19,14,39,4371,1344,127,435,793,89,146,0.986,Milwaukee Brewers,County Stadium,1857351,99,98,MIL,MIL,MIL
1992,NL,MON,WSN,E,2,162,81,87,75,N,NA,N,N,648,5477,1381,263,37,102,463,976,196,63,43,55,581,530,3.25,11,14,49,4404,1296,92,525,1014,124,113,0.98,Montreal Expos,Stade Olympique,1669127,99,99,MON,MON,MON
1992,AL,NYA,NYY,E,4,162,81,76,86,N,NA,N,N,733,5593,1462,281,18,163,536,903,78,37,42,55,746,679,4.21,20,9,44,4358,1453,129,612,851,114,165,0.982,New York Yankees,Yankee Stadium II,1748737,100,100,NYY,NYA,NYA
1992,NL,NYN,NYM,E,5,162,81,72,90,N,NA,N,N,599,5340,1254,259,17,93,572,956,129,52,28,45,653,588,3.66,17,13,34,4340,1404,98,482,1025,116,134,0.981,New York Mets,Shea Stadium,1779534,99,99,NYM,NYN,NYN
1992,AL,OAK,OAK,W,1,162,81,96,66,Y,NA,N,N,745,5387,1389,219,24,142,707,831,143,59,49,59,672,599,3.73,8,9,58,4341,1396,129,601,843,125,158,0.979,Oakland Athletics,Oakland Coliseum,2494160,94,95,OAK,OAK,OAK
1992,NL,PHI,PHI,E,6,162,81,70,92,N,NA,N,N,686,5500,1392,255,36,118,509,1059,127,31,52,46,717,652,4.11,27,7,34,4284,1387,113,549,851,131,128,0.978,Philadelphia Phillies,Veterans Stadium,1927448,100,100,PHI,PHI,PHI
1992,NL,PIT,PIT,E,1,162,81,96,66,Y,NA,N,N,693,5527,1409,272,54,106,569,872,110,53,25,56,595,551,3.35,20,20,43,4439,1410,101,455,844,101,144,0.984,Pittsburgh Pirates,Three Rivers Stadium,1829395,99,98,PIT,PIT,PIT
1992,NL,SDN,SDP,W,3,162,81,82,80,N,NA,N,N,617,5476,1396,255,30,135,453,864,69,52,26,41,636,578,3.56,9,11,46,4384,1444,111,439,971,115,127,0.982,San Diego Padres,Jack Murphy Stadium,1721406,101,102,SDP,SDN,SDN
1992,AL,SEA,SEA,W,7,162,81,64,98,N,NA,N,N,679,5564,1466,278,24,149,474,841,100,55,38,51,799,730,4.55,21,9,30,4335,1467,129,661,894,112,170,0.982,Seattle Mariners,Kingdome,1651367,100,100,SEA,SEA,SEA
1992,NL,SFN,SFG,W,5,162,81,72,90,N,NA,N,N,574,5456,1330,220,36,105,435,1067,112,64,39,39,647,586,3.61,9,12,30,4383,1385,128,502,927,113,174,0.982,San Francisco Giants,Candlestick Park,1560998,94,94,SFG,SFN,SFN
1992,NL,SLN,STL,E,3,162,81,83,79,N,NA,N,N,631,5594,1464,262,44,94,495,996,208,118,32,41,604,556,3.38,10,9,47,4440,1405,118,400,842,94,146,0.985,St. Louis Cardinals,Busch Stadium II,2418483,97,97,STL,SLN,SLN
1992,AL,TEX,TEX,W,4,162,81,77,85,N,NA,N,N,682,5537,1387,266,23,159,550,1036,81,44,50,45,753,663,4.09,19,3,42,4381,1471,113,598,1034,154,153,0.975,Texas Rangers,Arlington Stadium,2198231,97,97,TEX,TEX,TEX
1992,AL,TOR,TOR,E,1,162,81,96,66,Y,NA,Y,Y,780,5536,1458,265,40,163,561,933,129,39,47,54,682,626,3.91,18,14,49,4322,1346,124,541,954,93,109,0.985,Toronto Blue Jays,Skydome,4028318,105,104,TOR,TOR,TOR
1993,NL,ATL,ATL,W,1,162,81,104,58,Y,NA,N,N,767,5515,1444,239,29,169,560,946,125,48,36,50,559,507,3.14,18,16,46,4365,1297,101,480,1036,108,146,0.983,Atlanta Braves,Atlanta-Fulton County Stadium,3884720,101,100,ATL,ATL,ATL
1993,AL,BAL,BAL,E,3,162,81,85,77,N,NA,N,N,786,5508,1470,287,24,157,655,930,73,54,41,56,745,691,4.31,21,10,42,4328,1427,153,579,900,100,171,0.984,Baltimore Orioles,Oriole Park at Camden Yards,3644965,104,103,BAL,BAL,BAL
1993,AL,BOS,BOS,E,5,162,81,80,82,N,NA,N,N,686,5496,1451,319,29,114,508,871,73,38,62,49,698,609,3.77,9,11,44,4357,1379,127,552,997,122,155,0.98,Boston Red Sox,Fenway Park II,2422021,106,107,BOS,BOS,BOS
1993,AL,CAL,ANA,W,5,162,81,71,91,N,NA,N,N,684,5391,1399,259,24,114,564,930,169,100,38,46,770,690,4.34,26,6,41,4291,1482,153,550,843,120,161,0.98,California Angels,Anaheim Stadium,2057460,103,104,CAL,CAL,CAL
1993,AL,CHA,CHW,W,1,162,81,94,68,Y,NA,N,N,776,5483,1454,228,44,162,604,834,106,57,33,61,664,598,3.7,16,11,48,4362,1398,125,566,974,112,153,0.982,Chicago White Sox,Comiskey Park II,2581091,98,97,CHW,CHA,CHA
1993,NL,CHN,CHC,E,4,163,82,84,78,N,NA,N,N,738,5627,1521,259,32,161,446,923,100,43,34,42,739,673,4.18,8,5,56,4349,1514,153,470,905,115,162,0.982,Chicago Cubs,Wrigley Field,2653763,98,98,CHC,CHN,CHN
1993,NL,CIN,CIN,W,5,162,81,73,89,N,NA,N,N,722,5517,1457,261,28,137,485,1025,142,59,32,66,785,718,4.51,11,8,37,4302,1510,158,508,996,121,133,0.98,Cincinnati Reds,Riverfront Stadium,2453232,101,100,CIN,CIN,CIN
1993,AL,CLE,CLE,E,6,162,81,76,86,N,NA,N,N,790,5619,1547,264,31,141,488,843,159,55,49,72,813,735,4.58,7,8,45,4337,1591,182,591,888,148,174,0.976,Cleveland Indians,Cleveland Stadium,2177908,100,101,CLE,CLE,CLE
1993,NL,COL,COL,W,6,162,81,67,95,N,NA,N,N,758,5517,1507,278,59,142,388,944,146,90,46,52,967,860,5.41,9,0,35,4294,1664,181,609,913,167,149,0.973,Colorado Rockies,Mile High Stadium,4483350,117,118,COL,COL,COL
1993,AL,DET,DET,E,3,162,81,85,77,N,NA,N,N,899,5620,1546,282,38,178,765,1122,104,63,35,52,837,742,4.65,11,7,36,4310,1547,188,542,828,132,148,0.979,Detroit Tigers,Tiger Stadium,1971421,99,99,DET,DET,DET
1993,NL,FLO,FLA,E,6,162,81,64,98,N,NA,N,N,581,5475,1356,197,31,94,498,1054,117,56,51,43,724,661,4.13,4,5,48,4321,1437,135,598,945,125,130,0.98,Florida Marlins,Joe Robbie Stadium,3064847,104,106,FLA,FLO,FLO
1993,NL,HOU,HOU,W,3,162,81,85,77,N,NA,N,N,716,5464,1459,288,37,138,497,911,103,60,40,47,630,559,3.49,18,14,42,4324,1363,117,476,1056,126,141,0.979,Houston Astros,Astrodome,2084618,96,96,HOU,HOU,HOU
1993,AL,KCA,KCR,W,3,162,81,84,78,N,NA,N,N,675,5522,1455,294,35,125,428,936,100,75,52,51,694,649,4.04,16,6,48,4336,1379,105,571,985,97,150,0.984,Kansas City Royals,Kauffman Stadium,1934578,106,106,KCR,KCA,KCA
1993,NL,LAN,LAD,W,4,162,81,81,81,N,NA,N,N,675,5588,1458,234,28,130,492,937,126,61,27,47,662,573,3.5,17,9,36,4418,1406,103,567,1043,133,141,0.979,Los Angeles Dodgers,Dodger Stadium,3170393,95,95,LAD,LAN,LAN
1993,AL,MIN,MIN,W,5,162,81,71,91,N,NA,N,N,693,5601,1480,261,27,121,493,850,83,59,51,37,830,756,4.71,5,3,44,4333,1591,148,514,901,100,160,0.984,Minnesota Twins,Hubert H Humphrey Metrodome,2048673,100,100,MIN,MIN,MIN
1993,AL,ML4,MIL,E,7,162,81,69,93,N,NA,N,N,733,5525,1426,240,25,125,555,932,138,93,40,45,792,716,4.45,26,6,29,4341,1511,153,522,810,131,148,0.979,Milwaukee Brewers,County Stadium,1688080,99,99,MIL,MIL,MIL
1993,NL,MON,WSN,E,2,163,81,94,68,N,NA,N,N,732,5493,1410,270,36,122,542,860,228,56,48,50,682,574,3.55,8,7,61,4370,1369,119,521,934,159,144,0.975,Montreal Expos,Stade Olympique,1641437,105,104,MON,MON,MON
1993,AL,NYA,NYY,E,2,162,81,88,74,N,NA,N,N,821,5615,1568,294,24,178,629,910,39,35,43,50,761,695,4.35,11,13,38,4315,1467,170,552,899,105,166,0.983,New York Yankees,Yankee Stadium II,2416942,97,96,NYY,NYA,NYA
1993,NL,NYN,NYM,E,7,162,81,59,103,N,NA,N,N,672,5448,1350,228,37,158,448,879,79,50,24,47,744,647,4.05,16,8,22,4314,1483,139,434,867,156,143,0.975,New York Mets,Shea Stadium,1873183,99,100,NYM,NYN,NYN
1993,AL,OAK,OAK,W,7,162,81,68,94,N,NA,N,N,715,5543,1408,260,21,158,622,1048,131,59,33,49,846,791,4.9,8,2,42,4357,1551,157,680,864,111,161,0.982,Oakland Athletics,Oakland Coliseum,2035025,94,94,OAK,OAK,OAK
1993,NL,PHI,PHI,E,1,162,81,97,65,Y,NA,Y,N,877,5685,1555,297,51,156,665,1049,91,32,42,51,740,647,3.95,24,11,46,4418,1419,129,573,1117,141,123,0.977,Philadelphia Phillies,Veterans Stadium,3137674,99,98,PHI,PHI,PHI
1993,NL,PIT,PIT,E,5,162,81,75,87,N,NA,N,N,707,5549,1482,267,50,110,536,972,92,55,55,52,806,766,4.77,12,5,34,4337,1557,153,485,832,105,161,0.983,Pittsburgh Pirates,Three Rivers Stadium,1650593,99,100,PIT,PIT,PIT
1993,NL,SDN,SDP,W,7,162,81,61,101,N,NA,N,N,679,5503,1386,239,28,153,443,1046,92,41,59,50,772,675,4.23,8,6,32,4313,1470,148,558,957,160,129,0.974,San Diego Padres,Jack Murphy Stadium,1375432,102,102,SDP,SDN,SDN
1993,AL,SEA,SEA,W,4,162,81,82,80,N,NA,N,N,734,5494,1429,272,24,161,624,901,91,68,56,51,731,678,4.2,22,10,41,4361,1421,135,605,1083,90,173,0.985,Seattle Mariners,Kingdome,2052638,101,102,SEA,SEA,SEA
1993,NL,SFN,SFG,W,2,162,81,103,59,N,NA,N,N,808,5557,1534,269,33,168,516,930,120,65,46,50,636,585,3.61,4,9,50,4370,1385,168,442,982,101,169,0.984,San Francisco Giants,Candlestick Park,2606354,97,96,SFG,SFN,SFN
1993,NL,SLN,STL,E,3,162,81,87,75,N,NA,N,N,758,5551,1508,262,34,118,588,882,153,72,27,54,744,660,4.09,5,7,54,4359,1553,152,383,775,159,157,0.975,St. Louis Cardinals,Busch Stadium II,2844977,98,98,STL,SLN,SLN
1993,AL,TEX,TEX,W,2,162,81,86,76,N,NA,N,N,835,5510,1472,284,39,181,483,984,113,67,48,56,751,684,4.28,20,6,45,4315,1476,144,562,957,132,145,0.979,Texas Rangers,Arlington Stadium,2244616,96,96,TEX,TEX,TEX
1993,AL,TOR,TOR,E,1,162,81,95,67,Y,NA,Y,Y,847,5579,1556,317,42,159,588,861,170,49,52,54,742,674,4.21,11,11,50,4324,1441,134,620,1023,107,144,0.982,Toronto Blue Jays,Skydome,4057947,101,100,TOR,TOR,TOR
1994,NL,ATL,ATL,E,2,114,55,68,46,NA,NA,NA,NA,542,3861,1031,198,18,137,377,668,48,31,22,29,448,407,3.57,16,8,26,3079,929,76,378,865,81,85,0.982,Atlanta Braves,Atlanta-Fulton County Stadium,2539240,102,100,ATL,ATL,ATL
1994,AL,BAL,BAL,E,2,112,55,63,49,NA,NA,NA,NA,589,3856,1047,185,20,139,438,655,69,13,39,35,497,478,4.31,13,4,37,2993,1005,131,351,666,57,103,0.986,Baltimore Orioles,Oriole Park at Camden Yards,2535359,105,104,BAL,BAL,BAL
1994,AL,BOS,BOS,E,4,115,64,54,61,NA,NA,NA,NA,552,3940,1038,222,19,120,404,723,81,38,31,33,621,564,4.93,6,3,30,3088,1104,120,450,729,81,124,0.981,Boston Red Sox,Fenway Park II,1775818,105,105,BOS,BOS,BOS
1994,AL,CAL,ANA,W,4,115,63,47,68,NA,NA,NA,NA,543,3943,1042,178,16,120,402,715,65,54,27,29,660,618,5.42,11,4,21,3081,1149,150,436,682,76,110,0.983,California Angels,Anaheim Stadium,1512622,101,101,CAL,CAL,CAL
1994,AL,CHA,CHW,C,1,113,53,67,46,NA,NA,NA,NA,633,3942,1133,175,39,121,497,568,77,27,20,46,498,445,3.96,13,9,20,3034,964,115,377,754,79,91,0.981,Chicago White Sox,Comiskey Park II,1697398,99,98,CHW,CHA,CHA
1994,NL,CHN,CHC,C,5,113,59,49,64,NA,NA,NA,NA,500,3918,1015,189,26,109,364,750,69,53,27,23,549,508,4.47,5,5,27,3071,1054,120,392,717,81,110,0.982,Chicago Cubs,Wrigley Field,1845208,99,99,CHC,CHN,CHN
1994,NL,CIN,CIN,C,1,115,60,66,48,NA,NA,NA,NA,609,3999,1142,211,36,124,388,738,119,51,29,42,490,436,3.78,6,6,27,3115,1037,117,339,799,73,91,0.983,Cincinnati Reds,Riverfront Stadium,1897681,99,99,CIN,CIN,CIN
1994,AL,CLE,CLE,C,2,113,51,66,47,NA,NA,NA,NA,679,4022,1165,240,20,167,382,629,131,48,18,38,562,494,4.36,17,5,21,3056,1097,94,404,666,90,119,0.98,Cleveland Indians,Jacobs Field,1995174,99,97,CLE,CLE,CLE
1994,NL,COL,COL,W,3,117,57,53,64,NA,NA,NA,NA,573,4006,1098,206,39,125,378,761,91,53,23,36,638,590,5.15,4,5,28,3093,1185,120,448,703,84,117,0.981,Colorado Rockies,Mile High Stadium,3281511,117,118,COL,COL,COL
1994,AL,DET,DET,E,5,115,58,53,62,NA,NA,NA,NA,652,3955,1048,216,25,161,520,897,46,33,34,48,671,609,5.38,15,1,20,3054,1139,148,449,560,82,90,0.981,Detroit Tigers,Tiger Stadium,1184783,101,101,DET,DET,DET
1994,NL,FLO,FLA,E,5,115,59,51,64,NA,NA,NA,NA,468,3926,1043,180,24,94,349,746,65,26,40,30,576,507,4.5,5,7,30,3045,1069,120,428,649,95,111,0.978,Florida Marlins,Joe Robbie Stadium,1937467,102,103,FLA,FLO,FLO
1994,NL,HOU,HOU,C,2,115,59,66,49,NA,NA,NA,NA,602,3955,1099,252,25,120,394,718,124,44,43,35,503,454,3.97,9,6,29,3089,1043,102,367,739,76,110,0.983,Houston Astros,Astrodome,1561136,95,94,HOU,HOU,HOU
1994,AL,KCA,KCR,C,3,115,59,64,51,NA,NA,NA,NA,574,3911,1051,211,38,100,376,698,140,62,33,38,532,485,4.23,5,6,38,3095,1018,95,392,717,80,102,0.982,Kansas City Royals,Kauffman Stadium,1400494,104,104,KCR,KCA,KCA
1994,NL,LAN,LAD,W,1,114,55,58,56,NA,NA,NA,NA,532,3904,1055,160,29,115,366,687,74,37,19,31,509,470,4.17,14,5,20,3042,1041,90,354,732,88,104,0.98,Los Angeles Dodgers,Dodger Stadium,2279355,94,94,LAD,LAN,LAN
1994,AL,MIN,MIN,C,4,113,59,53,60,NA,NA,NA,NA,594,3952,1092,239,23,103,359,635,94,30,41,34,688,634,5.68,6,4,29,3015,1197,153,388,602,75,99,0.982,Minnesota Twins,Hubert H Humphrey Metrodome,1398565,100,102,MIN,MIN,MIN
1994,AL,ML4,MIL,C,5,115,56,53,62,NA,NA,NA,NA,547,3978,1045,238,21,99,417,680,59,37,33,38,586,532,4.62,11,3,23,3108,1071,127,421,577,85,130,0.981,Milwaukee Brewers,County Stadium,1268399,104,105,MIL,MIL,MIL
1994,NL,MON,WSN,E,1,114,52,74,40,NA,NA,NA,NA,585,4000,1111,246,30,108,379,669,137,36,40,42,454,410,3.56,4,8,46,3110,970,100,288,805,94,90,0.979,Montreal Expos,Stade Olympique,1276250,101,101,MON,MON,MON
1994,AL,NYA,NYY,E,1,113,57,70,43,NA,NA,NA,NA,670,3986,1155,238,16,139,530,660,55,40,31,37,534,492,4.34,8,2,31,3059,1045,120,398,656,80,122,0.982,New York Yankees,Yankee Stadium II,1675556,97,96,NYY,NYA,NYA
1994,NL,NYN,NYM,E,3,113,53,55,58,NA,NA,NA,NA,506,3869,966,164,21,117,336,807,25,26,52,31,526,470,4.13,7,3,35,3069,1069,117,332,640,89,112,0.98,New York Mets,Shea Stadium,1151471,99,99,NYM,NYN,NYN
1994,AL,OAK,OAK,W,2,114,56,51,63,NA,NA,NA,NA,549,3885,1009,178,13,113,417,686,91,39,18,51,589,535,4.8,12,9,23,3010,979,128,510,732,88,105,0.979,Oakland Athletics,Oakland Coliseum,1242692,91,92,OAK,OAK,OAK
1994,NL,PHI,PHI,E,4,115,60,54,61,NA,NA,NA,NA,521,3927,1028,208,28,80,396,711,67,24,31,31,497,438,3.85,7,6,30,3073,1028,98,377,699,94,96,0.978,Philadelphia Phillies,Veterans Stadium,2290971,102,102,PHI,PHI,PHI
1994,NL,PIT,PIT,C,3,114,61,53,61,NA,NA,NA,NA,466,3864,1001,198,23,80,349,725,53,25,22,28,580,518,4.64,8,2,24,3017,1094,117,370,650,91,131,0.98,Pittsburgh Pirates,Three Rivers Stadium,1222520,101,102,PIT,PIT,PIT
1994,NL,SDN,SDP,W,4,117,57,47,70,NA,NA,NA,NA,479,4068,1117,200,19,92,319,762,79,37,31,33,531,474,4.08,8,6,27,3137,1008,99,393,862,111,82,0.975,San Diego Padres,Jack Murphy Stadium,953857,97,98,SDP,SDN,SDN
1994,AL,SEA,SEA,W,3,112,44,49,63,NA,NA,NA,NA,569,3883,1045,211,18,153,372,652,48,21,26,32,616,546,4.99,13,7,21,2952,1051,109,486,763,95,102,0.977,Seattle Mariners,Kingdome,1104206,102,102,SEA,SEA,SEA
1994,NL,SFN,SFG,W,2,115,60,55,60,NA,NA,NA,NA,504,3869,963,159,32,123,364,719,114,40,39,27,500,454,3.99,2,4,33,3076,1014,122,372,655,68,113,0.985,San Francisco Giants,Candlestick Park,1704608,94,94,SFG,SFN,SFN
1994,NL,SLN,STL,C,3,115,56,53,61,NA,NA,NA,NA,535,3902,1026,213,27,108,434,686,76,46,33,37,621,581,5.14,7,7,29,3054,1154,134,355,632,80,119,0.982,St. Louis Cardinals,Busch Stadium II,1866544,98,99,STL,SLN,SLN
1994,AL,TEX,TEX,W,1,114,63,52,62,NA,NA,NA,NA,613,3983,1114,198,27,124,437,730,82,35,36,34,697,620,5.45,10,4,26,3069,1176,157,394,683,106,106,0.976,Texas Rangers,The Ballpark at Arlington,2503198,100,101,TEX,TEX,TEX
1994,AL,TOR,TOR,E,3,115,59,55,60,NA,NA,NA,NA,566,3962,1064,210,30,115,387,691,79,26,38,44,579,535,4.7,13,4,26,3075,1053,127,482,832,81,105,0.981,Toronto Blue Jays,Skydome,2907933,100,100,TOR,TOR,TOR
1995,NL,ATL,ATL,E,1,144,72,90,54,Y,N,Y,Y,645,4814,1202,210,27,168,520,933,73,43,40,34,540,494,3.44,18,11,34,3875,1184,107,436,1087,100,113,0.982,Atlanta Braves,Atlanta-Fulton County Stadium,2561831,103,102,ATL,ATL,ATL
1995,AL,BAL,BAL,E,3,144,72,71,73,N,N,N,N,704,4837,1267,229,27,173,574,803,92,45,39,41,640,607,4.31,19,10,29,3801,1165,149,523,930,72,141,0.986,Baltimore Orioles,Oriole Park at Camden Yards,3098475,102,101,BAL,BAL,BAL
1995,AL,BOS,BOS,E,1,144,72,86,58,Y,N,N,N,791,4997,1399,286,31,175,560,923,99,44,65,49,698,631,4.39,7,9,39,3878,1338,127,476,888,120,151,0.978,Boston Red Sox,Fenway Park II,2164410,103,103,BOS,BOS,BOS
1995,AL,CAL,ANA,W,2,145,72,78,67,N,N,N,N,801,5019,1390,252,25,186,564,889,58,39,36,38,697,645,4.52,8,9,42,3853,1310,163,486,901,95,120,0.982,California Angels,Anaheim Stadium,1748680,99,99,CAL,CAL,CAL
1995,AL,CHA,CHW,C,3,145,72,68,76,N,N,N,N,755,5060,1417,252,37,146,576,767,110,39,32,56,758,693,4.85,12,4,36,3854,1374,164,617,892,108,131,0.98,Chicago White Sox,Comiskey Park II,1609773,96,95,CHW,CHA,CHA
1995,NL,CHN,CHC,C,3,144,72,73,71,N,N,N,N,693,4963,1315,267,39,158,440,953,105,37,34,35,671,597,4.13,6,12,45,3903,1313,162,518,926,115,115,0.979,Chicago Cubs,Wrigley Field,1918265,98,98,CHC,CHN,CHN
1995,NL,CIN,CIN,C,1,144,72,85,59,Y,N,N,N,747,4903,1326,277,35,161,519,946,190,68,40,50,623,578,4.03,8,10,38,3868,1270,131,424,903,79,140,0.986,Cincinnati Reds,Riverfront Stadium,1837649,100,99,CIN,CIN,CIN
1995,AL,CLE,CLE,C,1,144,72,100,44,Y,N,Y,N,840,5028,1461,279,23,207,542,766,132,53,35,48,607,554,3.83,10,10,50,3903,1261,135,445,926,101,142,0.982,Cleveland Indians,Jacobs Field,2842745,101,99,CLE,CLE,CLE
1995,NL,COL,COL,W,2,144,72,77,67,N,Y,N,N,785,4994,1406,259,43,200,484,943,125,59,56,31,783,711,4.97,1,1,43,3865,1443,160,512,891,107,146,0.981,Colorado Rockies,Coors Field,3390037,129,129,COL,COL,COL
1995,AL,DET,DET,E,4,144,72,60,84,N,N,N,N,654,4865,1204,228,29,159,551,987,73,36,41,43,844,778,5.49,5,3,38,3825,1509,170,536,729,106,143,0.981,Detroit Tigers,Tiger Stadium,1180979,100,101,DET,DET,DET
1995,NL,FLO,FLA,E,4,143,71,67,76,N,N,N,N,673,4886,1278,214,29,144,517,916,131,53,49,48,673,610,4.27,12,7,29,3858,1299,139,562,994,115,143,0.979,Florida Marlins,Joe Robbie Stadium,1700466,101,101,FLA,FLO,FLO
1995,NL,HOU,HOU,C,2,144,72,76,68,N,N,N,N,747,5097,1403,260,22,109,566,992,176,60,69,47,674,596,4.06,6,8,32,3961,1357,118,460,1056,121,120,0.979,Houston Astros,Astrodome,1363801,93,93,HOU,HOU,HOU
1995,AL,KCA,KCR,C,2,144,72,70,74,N,N,N,N,629,4903,1275,240,35,119,475,849,120,53,43,39,691,642,4.49,11,10,37,3864,1323,142,503,763,90,168,0.984,Kansas City Royals,Kauffman Stadium,1233530,101,101,KCR,KCA,KCA
1995,NL,LAN,LAD,W,1,144,72,78,66,Y,N,N,N,634,4942,1303,191,31,140,468,1023,127,45,30,35,609,526,3.66,16,11,37,3885,1188,125,462,1060,130,120,0.976,Los Angeles Dodgers,Dodger Stadium,2766251,91,91,LAD,LAN,LAN
1995,AL,MIN,MIN,C,5,144,72,56,88,N,N,N,N,703,5005,1398,270,34,120,471,916,105,57,58,36,889,815,5.76,7,2,27,3818,1450,210,533,790,100,141,0.981,Minnesota Twins,Hubert H Humphrey Metrodome,1057667,101,102,MIN,MIN,MIN
1995,AL,ML4,MIL,C,4,144,72,65,79,N,N,N,N,740,5000,1329,249,42,128,502,800,105,40,46,42,747,689,4.82,7,4,31,3858,1391,146,603,699,105,186,0.981,Milwaukee Brewers,County Stadium,1087560,105,105,MIL,MIL,MIL
1995,NL,MON,WSN,E,5,144,72,66,78,N,N,N,N,621,4905,1268,265,24,118,400,901,120,49,56,32,638,586,4.11,7,9,42,3851,1286,128,416,950,109,119,0.98,Montreal Expos,Stade Olympique,1309618,104,103,MON,MON,MON
1995,AL,NYA,NYY,E,2,145,73,79,65,N,Y,N,N,749,4947,1365,280,34,122,625,851,50,30,39,68,688,651,4.56,18,5,35,3854,1286,159,535,908,74,121,0.986,New York Yankees,Yankee Stadium II,1705263,99,98,NYY,NYA,NYA
1995,NL,NYN,NYM,E,2,144,72,69,75,N,N,N,N,657,4958,1323,218,34,125,446,994,58,39,42,43,618,556,3.88,9,9,36,3873,1296,133,401,901,115,125,0.979,New York Mets,Shea Stadium,1273183,96,97,NYM,NYN,NYN
1995,AL,OAK,OAK,W,4,144,72,67,77,N,N,N,N,730,4916,1296,228,18,169,565,911,112,46,45,58,761,698,4.93,8,4,34,3819,1320,153,556,890,102,151,0.981,Oakland Athletics,Oakland Coliseum,1174310,91,91,OAK,OAK,OAK
1995,NL,PHI,PHI,E,2,144,72,69,75,N,N,N,N,615,4950,1296,263,30,94,497,884,72,25,46,41,658,603,4.21,8,8,41,3871,1241,134,538,980,97,139,0.982,Philadelphia Phillies,Veterans Stadium,2043598,100,101,PHI,PHI,PHI
1995,NL,PIT,PIT,C,5,144,72,58,86,N,N,N,N,629,4937,1281,245,27,125,456,972,84,55,24,33,736,666,4.7,11,7,29,3826,1407,130,477,871,122,138,0.978,Pittsburgh Pirates,Three Rivers Stadium,905517,102,103,PIT,PIT,PIT
1995,NL,SDN,SDP,W,3,144,72,70,74,N,N,N,N,668,4950,1345,231,20,116,447,872,124,46,35,38,672,590,4.13,6,10,35,3854,1242,142,512,1047,108,130,0.98,San Diego Padres,Jack Murphy Stadium,1041805,97,97,SDP,SDN,SDN
1995,AL,SEA,SEA,W,1,145,73,79,66,Y,N,N,N,796,4996,1377,276,20,182,549,871,110,41,39,34,708,644,4.5,9,8,39,3868,1343,149,591,1068,104,108,0.98,Seattle Mariners,Kingdome,1643203,101,101,SEA,SEA,SEA
1995,NL,SFN,SFG,W,4,144,72,67,77,N,N,N,N,652,4971,1256,229,33,152,472,1060,138,46,57,24,776,699,4.86,12,5,34,3881,1368,173,505,801,108,142,0.98,San Francisco Giants,Candlestick Park,1241500,96,97,SFG,SFN,SFN
1995,NL,SLN,STL,C,4,143,72,62,81,N,N,N,N,563,4779,1182,238,24,107,436,920,79,46,46,40,658,575,4.09,4,6,38,3797,1290,135,445,842,113,156,0.98,St. Louis Cardinals,Busch Stadium II,1756727,99,100,STL,SLN,SLN
1995,AL,TEX,TEX,W,3,144,72,74,70,N,N,N,N,691,4913,1304,247,24,138,526,877,90,47,33,45,720,665,4.66,14,4,34,3855,1385,152,514,838,98,156,0.982,Texas Rangers,The Ballpark at Arlington,1985910,103,103,TEX,TEX,TEX
1995,AL,TOR,TOR,E,5,144,72,56,88,N,N,N,N,642,5036,1309,275,27,140,492,906,75,16,44,45,777,701,4.88,16,8,22,3878,1336,145,654,894,97,131,0.982,Toronto Blue Jays,Skydome,2826483,99,100,TOR,TOR,TOR
1996,NL,ATL,ATL,E,1,162,81,96,66,Y,N,Y,N,773,5614,1514,264,28,197,530,1032,83,43,27,50,648,575,3.52,14,9,46,4407,1372,120,451,1245,130,143,0.98,Atlanta Braves,Atlanta-Fulton County Stadium,2901242,106,104,ATL,ATL,ATL
1996,AL,BAL,BAL,E,2,163,82,88,74,N,Y,N,N,949,5689,1557,299,29,257,645,915,76,40,61,67,903,839,5.14,13,1,44,4406,1604,209,597,1047,97,173,0.984,Baltimore Orioles,Oriole Park at Camden Yards,3646950,100,99,BAL,BAL,BAL
1996,AL,BOS,BOS,E,3,162,81,85,77,N,N,N,N,928,5756,1631,308,31,209,642,1020,91,44,67,47,921,807,4.98,17,5,37,4374,1606,185,722,1165,135,152,0.978,Boston Red Sox,Fenway Park II,2315231,101,101,BOS,BOS,BOS
1996,AL,CAL,ANA,W,4,161,81,70,91,N,N,N,N,762,5686,1571,256,24,192,527,974,53,39,29,33,943,847,5.3,12,8,38,4317,1546,219,662,1052,128,156,0.979,California Angels,Anaheim Stadium,1820521,98,98,CAL,CAL,CAL
1996,AL,CHA,CHW,C,2,162,81,85,77,N,N,N,N,898,5644,1586,284,33,195,701,927,105,41,34,62,794,733,4.52,7,4,43,4383,1529,174,616,1039,109,145,0.982,Chicago White Sox,Comiskey Park II,1676403,95,95,CHW,CHA,CHA
1996,NL,CHN,CHC,C,4,162,81,76,86,N,N,N,N,772,5531,1388,267,19,175,523,1090,108,50,61,48,771,705,4.36,10,10,34,4369,1447,184,546,1027,104,147,0.983,Chicago Cubs,Wrigley Field,2219110,103,103,CHC,CHN,CHN
1996,NL,CIN,CIN,C,3,162,81,81,81,N,N,N,N,778,5455,1398,259,36,191,604,1134,171,63,34,49,773,692,4.32,6,8,52,4329,1447,167,591,1089,121,145,0.98,Cincinnati Reds,Riverfront Stadium,1861428,101,101,CIN,CIN,CIN
1996,AL,CLE,CLE,C,1,161,80,99,62,Y,N,N,N,952,5681,1665,335,23,218,671,844,160,50,43,57,769,700,4.34,13,9,46,4357,1530,173,484,1033,124,156,0.98,Cleveland Indians,Jacobs Field,3318174,99,98,CLE,CLE,CLE
1996,NL,COL,COL,W,3,162,81,83,79,N,N,N,N,961,5590,1607,297,37,221,527,1108,201,66,82,52,964,884,5.59,5,4,34,4268,1597,198,624,932,149,167,0.976,Colorado Rockies,Coors Field,3891014,123,124,COL,COL,COL
1996,AL,DET,DET,E,5,162,81,53,109,N,N,N,N,783,5530,1413,257,21,204,546,1268,87,50,29,49,1103,1015,6.38,10,4,22,4298,1699,241,784,957,137,157,0.978,Detroit Tigers,Tiger Stadium,1168610,100,102,DET,DET,DET
1996,NL,FLO,FLA,E,3,162,81,80,82,N,N,N,N,688,5498,1413,240,30,150,553,1122,99,46,55,45,703,634,3.95,8,13,41,4329,1386,113,598,1050,111,187,0.982,Florida Marlins,Joe Robbie Stadium,1746767,97,97,FLA,FLO,FLO
1996,NL,HOU,HOU,C,2,162,81,82,80,N,N,N,N,753,5508,1445,297,29,129,554,1057,180,63,84,55,792,702,4.37,13,4,35,4341,1541,154,539,1163,138,130,0.978,Houston Astros,Astrodome,1975888,92,92,HOU,HOU,HOU
1996,AL,KCA,KCR,C,5,161,80,75,86,N,N,N,N,746,5542,1477,286,38,123,529,943,195,85,43,49,786,733,4.55,17,8,35,4350,1563,176,460,926,111,184,0.982,Kansas City Royals,Kauffman Stadium,1435997,99,100,KCR,KCA,KCA
1996,NL,LAN,LAD,W,2,162,81,90,72,N,Y,N,N,703,5538,1396,215,33,150,516,1190,124,40,22,35,652,564,3.46,6,9,50,4399,1378,125,534,1212,125,143,0.98,Los Angeles Dodgers,Dodger Stadium,3188454,93,92,LAD,LAN,LAN
1996,AL,MIN,MIN,C,4,162,82,78,84,N,N,N,N,877,5673,1633,332,47,118,576,958,143,53,65,63,900,844,5.28,13,5,31,4319,1561,233,581,959,94,142,0.984,Minnesota Twins,Hubert H Humphrey Metrodome,1437352,101,102,MIN,MIN,MIN
1996,AL,ML4,MIL,C,3,162,81,80,82,N,N,N,N,894,5662,1578,304,40,178,624,986,101,48,53,50,899,826,5.14,6,4,42,4342,1570,213,635,846,134,180,0.978,Milwaukee Brewers,County Stadium,1327155,104,104,MIL,MIL,MIL
1996,NL,MON,WSN,E,2,162,81,88,74,N,N,N,N,741,5505,1441,297,27,148,492,1077,108,34,58,36,668,605,3.78,11,7,43,4324,1353,152,482,1206,126,121,0.98,Montreal Expos,Stade Olympique,1616709,102,102,MON,MON,MON
1996,AL,NYA,NYY,E,1,162,80,92,70,Y,N,Y,Y,871,5628,1621,293,28,162,632,909,96,46,41,72,787,744,4.65,6,9,52,4320,1469,143,610,1139,91,146,0.985,New York Yankees,Yankee Stadium II,2250877,101,100,NYY,NYA,NYA
1996,NL,NYN,NYM,E,4,162,81,71,91,N,N,N,N,746,5618,1515,267,47,147,445,1069,97,48,33,49,779,675,4.22,10,10,41,4320,1517,159,532,999,159,163,0.974,New York Mets,Shea Stadium,1588323,95,95,NYM,NYN,NYN
1996,AL,OAK,OAK,W,3,162,81,78,84,N,N,N,N,861,5630,1492,283,21,243,640,1114,58,35,58,39,900,841,5.2,7,5,34,4369,1638,205,644,884,103,195,0.984,Oakland Athletics,Oakland Coliseum,1148380,101,102,OAK,OAK,OAK
1996,NL,PHI,PHI,E,5,162,81,67,95,N,N,N,N,650,5499,1405,249,39,132,536,1092,117,41,45,37,790,708,4.48,12,6,42,4270,1463,160,510,1044,116,145,0.981,Philadelphia Phillies,Veterans Stadium,1801677,100,101,PHI,PHI,PHI
1996,NL,PIT,PIT,C,5,162,80,73,89,N,N,N,N,776,5665,1509,319,33,138,510,989,126,49,40,49,833,744,4.61,5,7,37,4360,1602,183,479,1044,128,144,0.98,Pittsburgh Pirates,Three Rivers Stadium,1332150,104,104,PIT,PIT,PIT
1996,NL,SDN,SDP,W,1,162,81,91,71,Y,N,N,N,771,5655,1499,285,24,147,601,1014,109,55,50,52,682,616,3.72,5,11,47,4467,1395,138,506,1194,118,136,0.981,San Diego Padres,Jack Murphy Stadium,2187886,95,95,SDP,SDN,SDN
1996,AL,SEA,SEA,W,2,161,81,85,76,N,N,N,N,993,5668,1625,343,19,245,670,1052,90,39,75,58,895,829,5.21,4,4,34,4295,1562,216,605,1000,110,155,0.982,Seattle Mariners,Kingdome,2723850,100,99,SEA,SEA,SEA
1996,NL,SFN,SFG,W,4,162,82,68,94,N,N,N,N,752,5533,1400,245,21,153,615,1189,113,53,48,43,862,755,4.71,9,8,35,4327,1520,194,570,997,136,165,0.978,San Francisco Giants,Candlestick Park,1413922,95,96,SFG,SFN,SFN
1996,NL,SLN,STL,C,1,162,81,88,74,Y,N,N,N,759,5502,1468,281,31,142,495,1089,149,58,44,48,706,641,3.97,13,11,43,4357,1380,173,539,1050,125,139,0.98,St. Louis Cardinals,Busch Stadium II,2654718,100,100,STL,SLN,SLN
1996,AL,TEX,TEX,W,1,163,81,90,72,Y,N,N,N,928,5702,1622,323,32,221,660,1041,83,26,31,69,799,749,4.65,19,6,43,4348,1569,168,582,976,87,150,0.986,Texas Rangers,The Ballpark at Arlington,2889020,105,105,TEX,TEX,TEX
1996,AL,TOR,TOR,E,4,162,81,74,88,N,N,N,N,766,5599,1451,302,35,177,529,1105,116,38,92,37,809,734,4.57,19,7,35,4337,1476,187,610,1033,110,187,0.982,Toronto Blue Jays,Skydome,2559573,99,100,TOR,TOR,TOR
1997,AL,ANA,ANA,W,2,162,82,84,78,N,N,N,N,829,5628,1531,279,25,161,617,953,126,72,45,57,794,730,4.52,9,5,39,4364,1506,202,605,1050,123,140,0.98,Anaheim Angels,Edison International Field,1767330,102,102,ANA,ANA,ANA
1997,NL,ATL,ATL,E,1,162,81,101,61,Y,N,N,N,791,5528,1490,268,37,174,597,1160,108,58,52,52,581,518,3.18,21,17,37,4397,1319,111,450,1196,114,136,0.982,Atlanta Braves,Turner Field,3464488,102,99,ATL,ATL,ATL
1997,AL,BAL,BAL,E,1,162,81,98,64,Y,N,N,N,812,5584,1498,264,22,196,586,952,63,26,65,59,681,635,3.91,8,10,59,4383,1404,164,563,1139,97,148,0.984,Baltimore Orioles,Oriole Park at Camden Yards,3711132,97,96,BAL,BAL,BAL
1997,AL,BOS,BOS,E,4,162,81,78,84,N,N,N,N,851,5781,1684,373,32,185,514,1044,68,48,59,55,857,782,4.85,7,4,40,4355,1569,149,611,987,135,179,0.978,Boston Red Sox,Fenway Park II,2226136,102,102,BOS,BOS,BOS
1997,AL,CHA,CHW,C,2,161,81,80,81,N,N,N,N,779,5491,1498,260,28,158,569,901,106,52,33,60,833,748,4.73,6,7,52,4267,1505,175,575,961,127,131,0.978,Chicago White Sox,Comiskey Park II,1864782,96,96,CHW,CHA,CHA
1997,NL,CHN,CHC,C,5,162,81,68,94,N,N,N,N,687,5489,1444,269,39,127,451,1003,116,60,34,38,759,705,4.44,6,4,37,4287,1451,185,590,1072,112,117,0.981,Chicago Cubs,Wrigley Field,2190308,102,102,CHC,CHN,CHN
1997,NL,CIN,CIN,C,3,162,81,76,86,N,N,N,N,651,5484,1386,269,27,142,518,1113,190,67,45,30,764,710,4.41,5,8,49,4347,1408,173,558,1159,106,129,0.982,Cincinnati Reds,Cinergy Field,1785788,102,102,CIN,CIN,CIN
1997,AL,CLE,CLE,C,1,161,81,86,75,Y,N,Y,N,868,5556,1589,301,22,220,617,955,118,59,37,49,815,749,4.73,4,3,39,4277,1528,181,575,1036,106,159,0.983,Cleveland Indians,Jacobs Field,3404750,103,102,CLE,CLE,CLE
1997,NL,COL,COL,W,3,162,81,83,79,N,N,N,N,923,5603,1611,269,40,239,562,1060,137,65,63,35,908,836,5.25,9,5,38,4298,1697,196,566,870,111,202,0.983,Colorado Rockies,Coors Field,3888453,122,123,COL,COL,COL
1997,AL,DET,DET,E,3,162,81,79,83,N,N,N,N,784,5481,1415,268,32,176,578,1164,161,72,49,47,790,732,4.56,13,8,42,4337,1476,178,552,982,92,146,0.985,Detroit Tigers,Tiger Stadium,1365157,99,100,DET,DET,DET
1997,NL,FLO,FLA,E,2,162,81,92,70,N,Y,Y,Y,740,5439,1410,272,28,136,686,1074,115,58,61,42,669,615,3.83,12,10,39,4340,1353,131,639,1188,116,167,0.981,Florida Marlins,Joe Robbie Stadium,2364387,95,96,FLA,FLO,FLO
1997,NL,HOU,HOU,C,1,162,81,84,78,Y,N,N,N,777,5502,1427,314,40,133,633,1085,171,74,100,53,660,594,3.66,16,12,37,4377,1379,134,511,1138,131,169,0.979,Houston Astros,Astrodome,2046781,96,95,HOU,HOU,HOU
1997,AL,KCA,KCR,C,5,161,80,67,94,N,N,N,N,747,5599,1478,256,35,158,561,1061,130,66,42,42,820,753,4.7,11,5,29,4329,1530,186,531,961,91,168,0.985,Kansas City Royals,Kauffman Stadium,1517638,101,102,KCR,KCA,KCA
1997,NL,LAN,LAD,W,2,162,81,88,74,N,N,N,N,742,5544,1488,242,33,174,498,1079,131,64,33,36,645,587,3.62,6,6,45,4378,1325,163,546,1232,116,104,0.981,Los Angeles Dodgers,Dodger Stadium,3319504,93,92,LAD,LAN,LAN
1997,AL,MIN,MIN,C,4,162,81,68,94,N,N,N,N,772,5634,1522,305,40,132,495,1121,151,52,60,56,861,796,5,10,4,30,4302,1596,187,495,908,101,170,0.983,Minnesota Twins,Hubert H Humphrey Metrodome,1411064,101,101,MIN,MIN,MIN
1997,AL,ML4,MIL,C,3,161,80,78,83,N,N,N,N,681,5444,1415,294,27,135,494,967,103,55,58,52,742,669,4.22,6,8,44,4282,1419,177,542,1016,121,171,0.98,Milwaukee Brewers,County Stadium,1444027,101,102,MIL,MIL,MIL
1997,NL,MON,WSN,E,4,162,81,78,84,N,N,N,N,691,5526,1423,339,34,172,420,1084,75,46,73,40,740,665,4.14,27,14,37,4341,1365,149,557,1138,132,150,0.979,Montreal Expos,Stade Olympique,1497609,99,99,MON,MON,MON
1997,AL,NYA,NYY,E,2,162,80,96,66,N,Y,N,N,891,5710,1636,325,23,161,676,954,99,58,37,70,688,626,3.84,11,10,51,4403,1463,144,532,1165,104,156,0.983,New York Yankees,Yankee Stadium II,2580325,100,98,NYY,NYA,NYA
1997,NL,NYN,NYM,E,3,162,81,88,74,N,N,N,N,777,5524,1448,274,28,153,550,1029,97,74,57,59,709,640,3.95,7,8,49,4378,1452,160,504,982,120,165,0.981,New York Mets,Shea Stadium,1766174,97,97,NYM,NYN,NYN
1997,AL,OAK,OAK,W,4,162,81,65,97,N,N,N,N,764,5589,1451,274,23,197,642,1181,71,36,49,40,946,880,5.48,2,1,38,4336,1734,197,642,953,122,170,0.98,Oakland Athletics,Oakland Coliseum,1264218,96,97,OAK,OAK,OAK
1997,NL,PHI,PHI,E,5,162,81,68,94,N,N,N,N,668,5443,1390,290,35,116,519,1032,92,56,40,50,840,765,4.85,13,7,35,4261,1441,171,616,1209,108,134,0.982,Philadelphia Phillies,Veterans Stadium,1490638,100,101,PHI,PHI,PHI
1997,NL,PIT,PIT,C,2,162,81,79,83,N,N,N,N,725,5503,1440,291,52,129,481,1161,160,50,92,47,760,683,4.28,6,8,41,4308,1503,143,560,1080,131,149,0.979,Pittsburgh Pirates,Three Rivers Stadium,1657022,103,103,PIT,PIT,PIT
1997,NL,SDN,SDP,W,4,162,81,76,86,N,N,N,N,795,5609,1519,275,16,152,604,1129,140,60,35,58,891,802,4.98,5,2,43,4350,1581,172,596,1059,132,132,0.979,San Diego Padres,Qualcomm Stadium,2089333,93,93,SDP,SDN,SDN
1997,AL,SEA,SEA,W,1,162,81,90,72,Y,N,N,N,925,5614,1574,312,21,264,626,1110,89,40,49,49,833,769,4.78,9,8,38,4343,1500,192,598,1207,126,143,0.979,Seattle Mariners,Kingdome,3192237,98,98,SEA,SEA,SEA
1997,NL,SFN,SFG,W,1,162,81,90,72,Y,N,N,N,784,5485,1415,266,37,172,642,1120,121,49,46,59,793,706,4.39,5,9,45,4338,1494,160,578,1044,125,157,0.98,San Francisco Giants,3Com Park,1690869,98,98,SFG,SFN,SFN
1997,NL,SLN,STL,C,4,162,81,73,89,N,N,N,N,689,5524,1409,269,39,144,543,1191,164,60,42,44,708,627,3.88,5,3,39,4367,1422,124,536,1130,123,156,0.98,St. Louis Cardinals,Busch Stadium II,2634014,99,99,STL,SLN,SLN
1997,AL,TEX,TEX,W,3,162,81,77,85,N,N,N,N,807,5651,1547,311,27,187,500,1116,72,37,34,52,823,745,4.69,8,9,33,4289,1598,169,541,925,121,155,0.98,Texas Rangers,The Ballpark at Arlington,2945228,105,105,TEX,TEX,TEX
1997,AL,TOR,TOR,E,5,162,81,76,86,N,N,N,N,654,5473,1333,275,41,147,487,1138,134,50,59,52,694,628,3.92,19,16,34,4328,1453,167,497,1150,94,150,0.984,Toronto Blue Jays,Skydome,2589297,99,99,TOR,TOR,TOR
1998,AL,ANA,ANA,W,2,162,81,85,77,N,N,N,N,787,5630,1530,314,27,147,510,1028,93,45,48,41,783,720,4.49,3,5,52,4332,1481,164,630,1091,106,146,0.983,Anaheim Angels,Edison International Field,2519280,102,102,ANA,ANA,ANA
1998,NL,ARI,ARI,W,5,162,81,65,97,N,N,N,N,665,5491,1353,235,46,159,489,1239,73,38,64,27,812,737,4.63,7,6,37,4297,1463,188,489,908,100,125,0.984,Arizona Diamondbacks,Bank One Ballpark,3610290,100,99,ARI,ARI,ARI
1998,NL,ATL,ATL,E,1,162,81,106,56,Y,N,N,N,826,5484,1489,297,26,215,548,1062,98,43,61,46,581,520,3.25,24,23,45,4316,1291,117,467,1232,91,139,0.985,Atlanta Braves,Turner Field,3360860,100,98,ATL,ATL,ATL
1998,AL,BAL,BAL,E,4,162,81,79,83,N,N,N,N,817,5565,1520,303,11,214,593,903,86,48,58,44,785,754,4.74,16,10,37,4294,1505,169,535,1065,81,144,0.987,Baltimore Orioles,Oriole Park at Camden Yards,3684650,98,97,BAL,BAL,BAL
1998,AL,BOS,BOS,E,2,162,81,92,70,N,Y,N,N,876,5601,1568,338,35,205,541,1049,72,39,70,52,729,667,4.18,5,8,53,4308,1406,168,504,1025,105,128,0.983,Boston Red Sox,Fenway Park II,2314704,102,101,BOS,BOS,BOS
1998,AL,CHA,CHW,C,2,163,81,80,82,N,N,N,N,861,5585,1516,291,38,198,551,916,127,46,47,59,931,835,5.22,8,4,42,4316,1569,211,580,911,140,161,0.977,Chicago White Sox,Comiskey Park II,1391146,98,98,CHW,CHA,CHA
1998,NL,CHN,CHC,C,2,163,82,90,73,N,Y,N,N,831,5649,1494,250,34,212,601,1223,65,44,39,37,792,733,4.47,7,7,56,4432,1528,180,575,1207,101,107,0.984,Chicago Cubs,Wrigley Field,2623194,103,103,CHC,CHN,CHN
1998,NL,CIN,CIN,C,4,162,81,77,85,N,N,N,N,750,5496,1441,298,28,138,608,1107,95,42,37,49,760,711,4.44,6,8,42,4324,1400,170,573,1098,122,142,0.98,Cincinnati Reds,Cinergy Field,1793649,102,102,CIN,CIN,CIN
1998,AL,CLE,CLE,C,1,162,81,89,73,Y,N,N,N,850,5616,1530,334,30,198,630,1061,143,60,41,59,779,721,4.44,9,4,47,4380,1552,171,563,1037,110,146,0.982,Cleveland Indians,Jacobs Field,3467299,103,102,CLE,CLE,CLE
1998,NL,COL,COL,W,4,162,81,77,85,N,N,N,N,826,5632,1640,333,36,183,469,949,67,47,37,41,855,794,4.99,9,5,36,4298,1583,174,562,951,102,193,0.984,Colorado Rockies,Coors Field,3792683,121,122,COL,COL,COL
1998,AL,DET,DET,C,5,162,81,65,97,N,N,N,N,722,5664,1494,306,29,165,455,1070,122,62,62,45,863,792,4.93,9,4,32,4339,1551,185,595,947,115,164,0.982,Detroit Tigers,Tiger Stadium,1409391,100,101,DET,DET,DET
1998,NL,FLO,FLA,E,5,162,81,54,108,N,N,N,N,667,5558,1381,277,36,114,525,1120,115,57,45,29,923,834,5.18,11,3,24,4349,1617,182,715,1016,129,177,0.979,Florida Marlins,Joe Robbie Stadium,1730384,94,95,FLA,FLO,FLO
1998,NL,HOU,HOU,C,1,162,81,102,60,Y,N,N,N,874,5641,1578,326,28,166,621,1122,155,51,72,49,620,572,3.5,12,11,44,4414,1435,147,465,1187,108,144,0.983,Houston Astros,Astrodome,2458451,98,97,HOU,HOU,HOU
1998,AL,KCA,KCR,C,3,161,80,72,89,N,N,N,N,714,5546,1459,274,40,134,475,984,135,50,60,65,899,822,5.15,6,5,46,4309,1590,196,568,999,125,172,0.98,Kansas City Royals,Kauffman Stadium,1494875,101,102,KCR,KCA,KCA
1998,NL,LAN,LAD,W,3,162,81,83,79,N,N,N,N,669,5459,1374,209,27,159,447,1056,137,53,36,43,678,612,3.81,16,10,47,4342,1332,135,587,1178,134,154,0.978,Los Angeles Dodgers,Dodger Stadium,3089222,95,95,LAD,LAN,LAN
1998,NL,MIL,MIL,C,5,162,81,74,88,N,N,N,N,707,5541,1439,266,17,152,532,1039,81,59,66,32,812,746,4.63,2,2,39,4353,1538,188,550,1063,110,192,0.982,Milwaukee Brewers,County Stadium,1811593,100,101,MIL,ML4,MIL
1998,AL,MIN,MIN,C,4,162,81,70,92,N,N,N,N,734,5641,1499,285,32,115,506,915,112,54,45,52,818,764,4.75,7,8,42,4343,1622,180,457,952,108,135,0.982,Minnesota Twins,Hubert H Humphrey Metrodome,1165976,101,102,MIN,MIN,MIN
1998,NL,MON,WSN,E,4,162,81,65,97,N,N,N,N,644,5418,1348,280,32,147,439,1058,91,46,60,37,783,695,4.38,4,5,39,4281,1448,156,533,1017,155,127,0.975,Montreal Expos,Stade Olympique,914909,98,99,MON,MON,MON
1998,AL,NYA,NYY,E,1,162,81,114,48,Y,N,Y,Y,965,5643,1625,290,31,207,653,1025,153,63,57,59,656,619,3.82,22,16,48,4370,1357,156,466,1080,98,146,0.984,New York Yankees,Yankee Stadium II,2955193,97,95,NYY,NYA,NYA
1998,NL,NYN,NYM,E,2,162,81,88,74,N,N,N,N,706,5510,1425,289,24,136,572,1049,62,46,37,48,645,609,3.76,9,16,46,4374,1381,152,532,1129,101,151,0.984,New York Mets,Shea Stadium,2287948,99,99,NYM,NYN,NYN
1998,AL,OAK,OAK,W,4,162,81,74,88,N,N,N,N,804,5490,1413,295,13,149,633,1122,131,47,55,46,866,766,4.81,12,4,39,4302,1555,179,529,922,141,155,0.977,Oakland Athletics,Oakland Coliseum,1232343,96,97,OAK,OAK,OAK
1998,NL,PHI,PHI,E,3,162,81,75,87,N,N,N,N,713,5617,1482,286,36,126,508,1080,97,45,45,65,808,754,4.64,21,10,32,4389,1476,188,544,1176,110,131,0.982,Philadelphia Phillies,Veterans Stadium,1715722,102,103,PHI,PHI,PHI
1998,NL,PIT,PIT,C,6,163,80,69,93,N,N,N,N,650,5493,1395,271,35,107,393,1060,159,51,91,56,718,629,3.91,7,10,41,4347,1433,147,530,1112,140,161,0.977,Pittsburgh Pirates,Three Rivers Stadium,1560950,102,103,PIT,PIT,PIT
1998,NL,SDN,SDP,W,1,162,81,98,64,Y,N,Y,N,749,5490,1390,292,30,167,604,1072,79,37,48,45,635,587,3.63,14,11,59,4364,1384,139,501,1217,104,155,0.983,San Diego Padres,Qualcomm Stadium,2555874,92,92,SDP,SDN,SDN
1998,AL,SEA,SEA,W,3,161,81,76,85,N,N,N,N,859,5628,1553,321,28,234,558,1081,115,39,57,48,855,781,4.93,17,7,31,4273,1530,196,528,1156,125,139,0.979,Seattle Mariners,Kingdome,2651511,99,99,SEA,SEA,SEA
1998,NL,SFN,SFG,W,2,163,81,89,74,N,N,N,N,845,5628,1540,292,26,161,678,1040,102,51,44,53,739,686,4.18,6,6,44,4431,1457,171,562,1089,101,157,0.984,San Francisco Giants,3Com Park,1925364,95,95,SFG,SFN,SFN
1998,NL,SLN,STL,C,3,163,82,83,79,N,N,N,N,810,5593,1444,292,30,223,676,1179,133,41,42,34,782,703,4.31,6,10,44,4409,1513,151,558,972,142,160,0.978,St. Louis Cardinals,Busch Stadium II,3195691,100,100,STL,SLN,SLN
1998,AL,TBA,TBD,E,5,162,81,63,99,N,N,N,N,620,5555,1450,267,43,111,473,1107,120,73,37,38,751,698,4.35,7,7,28,4329,1425,171,643,1008,94,178,0.985,Tampa Bay Devil Rays,Tropicana Field,2506293,101,102,TBD,TBA,TBA
1998,AL,TEX,TEX,W,1,162,81,88,74,Y,N,N,N,940,5672,1637,314,32,201,595,1045,82,47,39,54,871,794,4.99,10,8,46,4294,1624,164,519,994,121,140,0.98,Texas Rangers,The Ballpark at Arlington,2927399,104,103,TEX,TEX,TEX
1998,AL,TOR,TOR,E,3,163,81,88,74,N,N,N,N,816,5580,1482,316,19,221,564,1132,184,81,87,49,768,697,4.28,10,11,47,4395,1443,169,587,1154,125,131,0.979,Toronto Blue Jays,Skydome,2454303,100,99,TOR,TOR,TOR
1999,AL,ANA,ANA,W,4,162,81,70,92,N,N,N,N,711,5494,1404,248,22,158,511,1022,71,45,43,42,826,762,4.79,4,7,37,4294,1472,177,624,877,106,156,0.983,Anaheim Angels,Edison International Field,2253123,99,100,ANA,ANA,ANA
1999,NL,ARI,ARI,W,1,162,81,100,62,Y,N,N,N,908,5658,1566,289,46,216,588,1045,137,39,48,60,676,615,3.77,16,9,42,4402,1387,176,543,1198,104,132,0.983,Arizona Diamondbacks,Bank One Ballpark,3019654,101,101,ARI,ARI,ARI
1999,NL,ATL,ATL,E,1,162,81,103,59,Y,N,Y,N,840,5569,1481,309,23,197,608,962,148,66,53,47,661,593,3.63,9,9,45,4413,1398,142,507,1197,111,127,0.982,Atlanta Braves,Turner Field,3284897,100,98,ATL,ATL,ATL
1999,AL,BAL,BAL,E,4,162,81,78,84,N,N,N,N,851,5637,1572,299,21,203,615,890,107,46,61,55,815,760,4.77,17,11,33,4305,1468,198,647,982,89,191,0.986,Baltimore Orioles,Oriole Park at Camden Yards,3433150,96,96,BAL,BAL,BAL
1999,AL,BOS,BOS,E,2,162,81,94,68,N,Y,N,N,836,5579,1551,334,42,176,597,928,67,39,55,56,718,638,4,6,12,50,4310,1396,160,469,1131,127,132,0.979,Boston Red Sox,Fenway Park II,2446162,104,103,BOS,BOS,BOS
1999,AL,CHA,CHW,C,2,162,81,75,86,N,N,N,N,777,5644,1563,298,37,162,499,810,110,50,34,45,870,786,4.92,6,3,39,4315,1608,210,596,968,136,149,0.977,Chicago White Sox,Comiskey Park II,1338851,101,101,CHW,CHA,CHA
1999,NL,CHN,CHC,C,6,162,81,67,95,N,N,N,N,747,5482,1411,255,35,189,571,1170,60,44,39,44,920,837,5.27,11,6,32,4292,1619,221,529,980,139,135,0.977,Chicago Cubs,Wrigley Field,2813854,97,98,CHC,CHN,CHN
1999,NL,CIN,CIN,C,2,163,82,96,67,N,N,N,N,865,5649,1536,312,37,209,569,1125,164,54,45,44,711,647,3.98,6,11,55,4386,1309,190,636,1081,105,139,0.983,Cincinnati Reds,Cinergy Field,2061222,103,103,CIN,CIN,CIN
1999,AL,CLE,CLE,C,1,162,81,97,65,Y,N,N,N,1009,5634,1629,309,32,209,743,1099,147,50,55,67,860,788,4.89,3,6,46,4351,1503,197,634,1120,106,154,0.983,Cleveland Indians,Jacobs Field,3468456,104,103,CLE,CLE,CLE
1999,NL,COL,COL,W,5,162,81,72,90,N,N,N,N,906,5717,1644,305,39,223,508,863,70,43,43,46,1028,955,6.01,12,2,33,4287,1700,237,737,1032,118,189,0.981,Colorado Rockies,Coors Field,3481065,127,127,COL,COL,COL
1999,AL,DET,DET,C,3,161,81,69,92,N,N,N,N,747,5481,1433,289,34,212,458,1049,108,70,82,39,882,817,5.17,4,6,33,4263,1528,209,583,976,106,156,0.982,Detroit Tigers,Tiger Stadium,2026441,99,101,DET,DET,DET
1999,NL,FLO,FLA,E,5,162,80,64,98,N,N,N,N,691,5578,1465,266,44,128,479,1145,92,46,59,56,852,781,4.9,6,5,33,4307,1560,171,655,943,127,150,0.979,Florida Marlins,Pro Player Stadium,1369421,93,95,FLA,FLO,FLO
1999,NL,HOU,HOU,C,1,162,82,97,65,Y,N,N,N,823,5485,1463,293,23,168,728,1138,166,75,52,58,675,620,3.83,12,8,48,4376,1485,128,478,1204,106,175,0.983,Houston Astros,Astrodome,2706017,100,98,HOU,HOU,HOU
1999,AL,KCA,KCR,C,4,161,80,64,97,N,N,N,N,856,5624,1584,294,52,151,535,932,127,39,64,56,921,844,5.35,11,3,29,4262,1607,202,643,831,125,188,0.98,Kansas City Royals,Kauffman Stadium,1506068,102,103,KCR,KCA,KCA
1999,NL,LAN,LAD,W,3,162,81,77,85,N,N,N,N,793,5567,1480,253,23,187,594,1030,167,68,52,51,787,718,4.45,8,6,37,4359,1438,192,594,1077,137,137,0.978,Los Angeles Dodgers,Dodger Stadium,3095346,95,94,LAD,LAN,LAN
1999,NL,MIL,MIL,C,5,161,80,74,87,N,N,N,N,815,5582,1524,299,30,165,658,1065,81,33,55,51,886,813,5.07,2,5,40,4328,1618,213,616,987,127,146,0.979,Milwaukee Brewers,County Stadium,1701796,99,99,MIL,ML4,MIL
1999,AL,MIN,MIN,C,5,161,81,63,97,N,N,N,N,686,5495,1450,285,30,105,500,978,118,60,49,56,845,791,5,13,8,34,4270,1591,208,487,927,92,150,0.985,Minnesota Twins,Hubert H Humphrey Metrodome,1202829,103,104,MIN,MIN,MIN
1999,NL,MON,WSN,E,4,162,81,68,94,N,N,N,N,718,5559,1473,320,47,163,438,939,70,51,53,28,853,748,4.69,6,4,44,4303,1505,152,572,1043,160,125,0.974,Montreal Expos,Stade Olympique,773277,97,98,MON,MON,MON
1999,AL,NYA,NYY,E,1,162,81,98,64,Y,N,Y,Y,900,5568,1568,302,36,193,718,978,104,57,55,53,731,661,4.13,6,10,50,4319,1402,158,581,1111,111,132,0.982,New York Yankees,Yankee Stadium II,3292736,98,97,NYY,NYA,NYA
1999,NL,NYN,NYM,E,2,163,81,97,66,N,Y,N,N,853,5572,1553,297,14,181,717,994,150,61,48,54,711,691,4.27,5,7,49,4370,1372,167,617,1172,68,147,0.989,New York Mets,Shea Stadium,2725668,98,97,NYM,NYN,NYN
1999,AL,OAK,OAK,W,2,162,81,87,75,N,N,N,N,893,5519,1430,287,20,235,770,1129,70,37,71,41,846,750,4.69,6,5,48,4315,1537,160,569,967,122,166,0.98,Oakland Athletics,Oakland Coliseum,1434610,94,94,OAK,OAK,OAK
1999,NL,PHI,PHI,E,3,162,81,77,85,N,N,N,N,841,5598,1539,302,44,161,631,1081,125,35,46,41,846,787,4.92,11,6,32,4315,1494,212,627,1030,100,144,0.983,Philadelphia Phillies,Veterans Stadium,1825337,105,105,PHI,PHI,PHI
1999,NL,PIT,PIT,C,3,161,81,78,83,N,N,N,N,775,5468,1417,282,40,171,573,1197,112,44,60,45,782,689,4.33,8,3,34,4300,1444,160,633,1083,147,179,0.976,Pittsburgh Pirates,Three Rivers Stadium,1638023,101,101,PIT,PIT,PIT
1999,NL,SDN,SDP,W,4,162,81,74,88,N,N,N,N,710,5394,1360,256,22,153,631,1169,174,67,35,40,781,705,4.47,5,6,43,4261,1454,193,529,1078,129,151,0.979,San Diego Padres,Qualcomm Stadium,2523538,92,92,SDP,SDN,SDN
1999,AL,SEA,SEA,W,3,162,81,79,83,N,N,N,N,859,5572,1499,263,21,244,610,1095,130,45,42,48,905,834,5.24,7,6,40,4301,1613,191,684,980,113,182,0.981,Seattle Mariners,Kingdome / Safeco Field,2916346,102,103,SEA,SEA,SEA
1999,NL,SFN,SFG,W,2,162,81,86,76,N,N,N,N,872,5563,1507,307,18,188,696,1028,109,56,60,42,831,762,4.71,6,3,42,4369,1486,194,655,1076,105,155,0.983,San Francisco Giants,3Com Park,2078399,95,94,SFG,SFN,SFN
1999,NL,SLN,STL,C,4,161,80,75,86,N,N,N,N,809,5570,1461,274,27,194,613,1202,134,48,51,44,838,761,4.74,5,3,38,4336,1519,161,667,1025,132,163,0.978,St. Louis Cardinals,Busch Stadium II,3225334,101,101,STL,SLN,SLN
1999,AL,TBA,TBD,E,5,162,81,69,93,N,N,N,N,772,5586,1531,272,29,145,544,1042,73,49,64,48,913,805,5.06,6,5,45,4299,1606,172,695,1055,135,198,0.978,Tampa Bay Devil Rays,Tropicana Field,1562827,100,102,TBD,TBA,TBA
1999,AL,TEX,TEX,W,1,162,81,95,67,Y,N,N,N,945,5651,1653,304,29,230,611,937,111,54,29,62,859,809,5.07,6,9,47,4309,1626,186,509,979,119,169,0.981,Texas Rangers,The Ballpark at Arlington,2771469,105,105,TEX,TEX,TEX
1999,AL,TOR,TOR,E,3,162,81,84,78,N,N,N,N,883,5642,1580,337,14,212,578,1077,119,48,76,45,862,787,4.92,14,9,39,4317,1582,191,575,1009,106,165,0.983,Toronto Blue Jays,Skydome,2163464,101,101,TOR,TOR,TOR
